state,year,num_dcs,total_capacity_mw,expected_dc_energy_mwh,avg_lat,avg_lon,consumption_mwh,yoy_change_mwh,yoy_change_pct,dc_share_of_change,estimated_dc_impact
Alabama,1999.0,1,4.25,33879.299999999996,30.6747733,-88.118332,68586845.30564521,1833814.9316448942,2.747163569010266,0.01847476504600765,33879.299999999996
Alabama,2007.0,1,4.5,35872.2,34.7454409,-86.691892,75198140.0039123,2363895.5194535702,3.2455825363273663,0.015175036165850548,35872.2
Alabama,2024.0,1,4.0,31886.399999999998,32.60092892087178,-85.512853246259,92802376.18299472,3655248.541505739,4.100242641810694,0.008723456049000912,31886.399999999998
Arizona,1998.0,1,1.5,11957.4,33.3552874,-111.8268072,58384193.78732919,1030000.1657862216,1.795858507893554,0.011609124345016639,11957.4
Arizona,2000.0,1,32.6,259874.15999999997,33.2748503,-111.8869478,59514879.463193476,2270394.126516953,3.966135974782382,0.1144621354349066,259874.15999999997
Arizona,2001.0,1,1.0,7971.599999999999,32.2449504,-110.9691897,60751868.48818,1236989.0249865204,2.0784533819841253,0.006444357903730687,7971.599999999999
Arizona,2002.0,1,9.0,71744.4,33.3008813,-111.8863212,62508983.39113747,1757114.9029574767,2.8922812527146293,0.04083079591394044,71744.4
Arizona,2007.0,1,5.8,46235.280000000006,33.6444482,-111.8957046,65231730.79441869,209064.85654182732,0.3215261225086794,0.22115280762527287,46235.280000000006
Arizona,2010.0,3,43.0,342778.8,33.459433966666666,-111.9694692,67374572.76496217,2393611.004563637,3.6835573677556432,0.14320572530225714,342778.8
Arizona,2011.0,2,67.0,534097.2,33.365302,-111.93050465,69073163.6399662,1698590.8750040382,2.521115615722884,0.3144354581551194,534097.2
Arizona,2013.0,1,2.0,15943.199999999999,32.1723445,-110.9542276,69385037.50730684,1209685.7664280683,1.7743740744101302,0.01317962105735666,15943.199999999999
Arizona,2016.0,2,18.0,143488.8,33.30948513383328,-111.7428474793618,72589187.45742948,2745607.652491793,3.9310809385198326,0.052261217974744444,143488.8
Arizona,2017.0,3,207.0,1650121.2,33.39838150245319,-111.95854268156187,73421790.30714498,832602.8497155011,1.1470067084078985,1.0,832602.8497155011
Arizona,2018.0,1,9.0,71744.4,33.26969635033058,-111.8815649027929,74018706.35399169,596916.0468467027,0.8129957664470274,0.12019177634610495,71744.4
Arizona,2019.0,3,57.2,455975.52,32.731611666666666,-111.76193566666666,74637622.9539056,618916.59991391,0.836162411369316,0.7367317665472621,455975.52
Arkansas,2000.0,1,0.75,5978.7,35.2774524,-93.1371524,37824885.52964643,724177.0461363792,1.9519224180267347,0.008255854051019,5978.7
Arkansas,2020.0,2,1.5,11957.4,35.815375,-90.68931,46954850.84966168,373059.5215447247,0.8008698482995963,0.03205225790910814,11957.4
California,1991.0,1,6.0,47829.6,34.1998625,-118.3437949,218333000.26845118,5173237.181387812,2.4269295041742214,0.009245584210227312,47829.6
California,1995.0,1,5.0,39858.0,32.837756,-117.132835,223661961.88055146,3492133.3648623526,1.5861089543490772,0.011413653442061788,39858.0
California,1997.0,1,6.0,47829.6,33.748108,-117.152151,220171636.4276765,1468269.6660125554,0.6713521093676759,0.032575487396598574,47829.6
California,1998.0,5,15.665,124875.114,33.7849317,-118.04663104000001,228190280.93845612,8018644.510779619,3.6419970532460653,0.01557309515743315,124875.114
California,1999.0,1,6.0,47829.6,33.6321588,-117.734101,229245677.986987,1055397.0485308766,0.4625074495681618,0.04531905794750827,47829.6
California,2000.0,4,28.0,223204.8,35.621466250000005,-119.9884037,230919208.40413886,1673530.4171518683,0.730016125864264,0.13337361407500772,223204.8
California,2001.0,2,12.3,98050.68,37.3760815,-121.95100640000001,233100335.93779325,2181127.5336543918,0.9445414042114387,0.044954125096811744,98050.68
California,2003.0,1,6.0,47829.6,33.7176679,-117.8083267,236441261.37438568,5075199.660989374,2.1935800019262355,0.009424180957380495,47829.6
California,2004.0,1,1.0,7971.599999999999,32.8299041,-117.1341603,238549463.2533792,2108201.878993511,0.8916387379846293,0.0037812318067972535,7971.599999999999
California,2006.0,1,6.0,47829.6,37.6385301,-120.99852,248074404.1244723,11234286.140224487,4.743405059852097,0.004257466776526688,47829.6
California,2009.0,4,23.2,184941.12,35.686891599999996,-120.1216445,242105116.07390895,8513920.588128865,3.6447951603754483,0.021722204017015054,184941.12
California,2011.0,1,52.6,419306.16000000003,37.3617685,-121.9437734,254094065.6668212,8600412.68035841,3.5033136603465103,0.048754190709663255,419306.16000000003
California,2014.0,1,8.0,63772.799999999996,38.7909258,-121.317567,260921384.3022603,8899198.413587928,3.531117065034519,0.007166128569807721,63772.799999999996
California,2016.0,4,72.9,581129.64,36.963325075,-121.009512575,264558860.43111718,3691333.314671397,1.415022159129704,0.15743082254053567,581129.64
California,2019.0,2,31.0,247119.59999999998,38.615147199999996,-121.34501614999999,264632569.18933058,75499.65971788764,0.028538137291937583,1.0,75499.65971788764
California,2021.0,1,20.0,159432.0,37.36751391096377,-121.9638310927645,268630403.1029589,13078273.403785616,5.11765384979608,0.012190600018642452,159432.0
California,2022.0,1,6.0,47829.6,37.370837,-121.946792,273817024.12215364,5186621.019194722,1.9307647084186623,0.009221726403951922,47829.6
California,2023.0,1,0.5,3985.7999999999997,32.5941922,-117.0853841,277741182.97885376,3924158.8567001224,1.4331318037221454,0.0010157081161978525,3985.7999999999997
California,2024.0,2,34.0,271034.39999999997,35.70583115,-120.26907555,279693789.37431985,1952606.3954660892,0.7030309205584229,0.13880646946017186,271034.39999999997
Colorado,1997.0,2,6.0,47829.6,38.8355484,-104.8236416,40982258.84196996,354003.9218608737,0.8713244577129458,0.13511036755914077,47829.6
Colorado,2000.0,1,12.3,98050.68,39.777478,-104.96832,43631171.52608577,1117205.5283310413,2.6278553461468257,0.08776422736331681,98050.68
Colorado,2001.0,1,3.0,23914.8,39.7459482,-104.9944892,43996972.98139982,365801.45531404763,0.8383947588832125,0.0653764484875236,23914.8
Colorado,2007.0,1,3.0,23914.8,39.9654525,-105.1242975,47078905.44621997,111475.85783223063,0.2373471548457742,0.21452896138275418,23914.8
Colorado,2015.0,1,1.6,12754.56,39.5590337,-104.8334949,51904204.581707634,1763881.0778088793,3.5178893045469195,0.0072309636746281745,12754.56
Colorado,2024.0,1,16.0,127545.59999999999,39.5901643,-104.8470028,60799843.96926835,3564481.558516048,6.2277609652147845,0.035782370565300196,127545.59999999999
Connecticut,1995.0,1,0.12,956.5920000000001,41.2780663,-73.1249517,21541968.879070282,594579.5483676791,2.838442246815948,0.001608854530274657,956.5920000000001
Connecticut,2010.0,1,0.12,956.5920000000001,41.3080872,-72.7517544,25193737.739017848,529212.3071034066,2.1456415553758728,0.0018075770105117465,956.5920000000001
Florida,1995.0,1,3.0,23914.8,27.9833905,-80.629643,174582865.3704493,2657064.1591825485,1.5454714420190376,0.009000460119622192,23914.8
Florida,1998.0,1,5.0,39858.0,30.217209,-81.581937,186351500.19927394,10004523.557968557,5.673203900919739,0.003983997815493501,39858.0
Florida,2000.0,2,16.0,127545.59999999999,28.318388849999998,-81.9615833,181672887.75003454,1583265.884218514,0.87915442756507,0.08055854753856165,127545.59999999999
Florida,2001.0,1,3.0,23914.8,26.2458867,-81.801808,190516641.17012727,8843753.420092732,4.867954448030208,0.002704145950707572,23914.8
Florida,2003.0,2,4.0,31886.399999999998,27.6510755,-80.72464575000001,193580304.00978836,1819151.0450368524,0.9486546242091269,0.01752817617151414,31886.399999999998
Florida,2004.0,1,3.0,23914.8,27.9495027,-82.4583924,195915569.89058477,2335265.8807964027,1.2063551055681367,0.010240718282512766,23914.8
Florida,2009.0,1,3.0,23914.8,25.7758108,-80.1929487,202756806.00141808,7298230.008854598,3.7339011459554836,0.0032767945064742137,23914.8
Florida,2010.0,1,35.0,279006.0,26.4075638,-80.0977968,208026585.36636242,5269779.364944339,2.5990641048604215,0.05294453157868535,279006.0
Florida,2011.0,2,5.0,39858.0,26.107395099999998,-80.1756705,208375761.28658068,349175.9202182591,0.1678515847401494,0.11414876482629728,39858.0
Florida,2013.0,1,3.0,23914.8,28.2591624,-80.6948578,217420825.5122206,4929985.918584794,2.3200933875609993,0.0048508860663977315,23914.8
Florida,2016.0,1,2.0,15943.199999999999,28.023895,-81.7292955,224773730.04771027,6203573.629846126,2.8382528207492723,0.002570002542291975,15943.199999999999
Florida,2018.0,1,3.0,23914.8,26.184976,-80.28691649999999,227618172.56321362,142808.3947276175,0.06277971913558185,0.16746074378619952,23914.8
Georgia,1995.0,1,20.0,159432.0,33.755562,-84.391101,87962843.40322396,261129.1374963671,0.29774690230703066,0.6105484877275255,159432.0
Georgia,1997.0,2,9.5,75730.2,33.12708554,-84.637325365,92149034.23018685,1260956.856379345,1.3873732317972134,0.06005772490697921,75730.2
Georgia,1998.0,1,20.0,159432.0,33.8839421,-84.472222,94671736.43502207,2522702.204835221,2.7376328204737885,0.06319889826647765,159432.0
Georgia,1999.0,1,8.1,64569.96,34.09479503611276,-84.23574006692277,94721426.25300427,49689.81798219681,0.052486433494648536,1.0,49689.81798219681
Georgia,2000.0,1,26.0,207261.59999999998,34.0352725,-84.0610703,98398567.84106359,3677141.588059321,3.882058931669321,0.056364867937920796,207261.59999999998
Georgia,2004.0,1,20.0,159432.0,33.92542846315679,-84.48159144047548,105945504.60708362,2318952.9487579465,2.2377980465893796,0.06875171835003953,159432.0
Georgia,2006.0,1,30.0,239147.99999999997,34.0370725,-84.05762879999999,109034189.46444967,2929171.4908465147,2.7606342723350132,0.08164356397272168,239147.99999999997
Georgia,2009.0,1,30.0,239147.99999999997,34.0570483,-84.2728648,109914566.92187606,516803.5322858691,0.47240776801388046,0.46274451519753856,239147.99999999997
Georgia,2014.0,1,1.6,12754.56,33.7549598,-84.3898518,129387557.57012023,4492768.347964197,3.5972424277627035,0.002838908889166177,12754.56
Georgia,2018.0,1,195.0,1554462.0,34.7131193,-84.9514028,139031965.52213204,6438048.470984474,4.855462915769373,0.24144925391689379,1554462.0
Georgia,2023.0,3,260.0,2072616.0,33.763433,-84.60498,146008781.7380317,6047268.543646425,4.320665306931691,0.3427358955602523,2072616.0
Hawaii,2006.0,1,4.2,33480.719999999994,21.335541,-157.9162977,7631184.963933731,204060.29244544543,2.7475005667914116,0.16407268459125093,33480.719999999994
Hawaii,2021.0,1,1.0,7971.599999999999,21.4809474,-158.0192693,9423473.031594729,785554.7073451001,9.094259494672182,0.010147733729381136,7971.599999999999
Idaho,2000.0,1,2.0,15943.199999999999,43.6080104,-116.3101535,19189513.499226596,394185.1310008094,2.097250568216697,0.04044597004336844,15943.199999999999
Idaho,2015.0,1,1.0,7971.599999999999,43.5799403,-116.2907646,23598797.810844805,963484.6405170262,4.256555379936341,0.008273717778959373,7971.599999999999
Illinois,1991.0,2,13.4,106819.44,41.9266672,-87.8587419,108400894.39397904,1968441.946063444,1.8494753252319653,0.05426598443180968,106819.44
Illinois,1993.0,1,22.5,179361.0,41.796754,-88.112567,109403185.62377469,1658889.8614776582,1.5396544659194418,0.10812110204847113,179361.0
Illinois,2000.0,1,70.0,558012.0,41.853036,-87.61886,116260872.0310985,734122.50972417,0.6354567342763724,0.7601074651826988,558012.0
Illinois,2007.0,2,42.4,337995.83999999997,41.8832315,-88.0877533,120535422.7573823,2400592.0416306704,2.0320781153924194,0.14079686766369795,337995.83999999997
Illinois,2008.0,2,72.8,580332.48,41.9942995,-87.9623356,123068180.72493015,2532757.967547849,2.1012561366676983,0.22913065023811297,580332.48
Illinois,2009.0,1,22.5,179361.0,41.9229989,-87.9182329,124559803.26299743,1491622.5380672812,1.212029404579571,0.12024556844816844,179361.0
Illinois,2013.0,1,22.5,179361.0,41.8716165,-87.6428248,135353696.03745043,6402689.815349296,4.965211209225855,0.02801338268332386,179361.0
Indiana,2005.0,1,3.75,29893.499999999996,39.7601501,-86.1704701,81843508.57403255,1170298.4209530503,1.4506654919673816,0.025543484862310395,29893.499999999996
Indiana,2012.0,1,10.0,79716.0,41.659842,-86.2581782,89304513.99620365,808256.0433300585,0.9133222828025955,0.09862716234272222,79716.0
Indiana,2018.0,1,9.771,77890.50360000001,39.17949,-85.896024,96418972.8004361,2680035.936213419,2.8590423850180313,0.029063231036390615,77890.50360000001
Iowa,2002.0,1,5.8,46235.280000000006,42.2840281,-91.0921393,34326896.47500905,849043.7434066273,2.536135606466621,0.05445571015515608,46235.280000000006
Iowa,2005.0,1,10.0,79716.0,41.586182,-93.659333,36880813.39302207,1410254.1516636312,3.975844141806719,0.056525981438141214,79716.0
Iowa,2007.0,1,5.8,46235.280000000006,42.2530183,-91.1609634,38047275.42600297,1595758.1068621427,4.37775495843133,0.02897386502451544,46235.280000000006
Iowa,2008.0,1,5.8,46235.280000000006,42.05294137401164,-91.55424356460573,38079938.44689022,32663.020887248218,0.08584851483195838,1.0,32663.020887248218
Iowa,2011.0,1,1.0,7971.599999999999,43.4297871,-95.2983882,40890277.911311895,1543734.281010501,3.9234304682906047,0.005163842053686812,7971.599999999999
Iowa,2012.0,2,9.8,78121.68000000001,41.798192650000004,-92.75355845,41143381.99801075,253104.08669885248,0.6189835325839976,0.30865436042109623,78121.68000000001
Iowa,2014.0,1,5.8,46235.280000000006,41.5171402,-93.7043969,42380662.509206094,134856.49565366656,0.3192186595052884,0.34284800132089843,46235.280000000006
Iowa,2016.0,1,5.8,46235.280000000006,41.4968628,-93.7886638,44218143.86152926,623636.0569296777,1.4305381304566052,0.07413824054309544,46235.280000000006
Iowa,2017.0,1,5.8,46235.280000000006,41.62026437506193,-93.9243794615756,45909776.417013004,1691632.5554837435,3.8256525664694405,0.027331751124155,46235.280000000006
Iowa,2019.0,1,5.8,46235.280000000006,42.4981043,-96.4039508,46995135.85532583,888265.3378843293,1.9265357373329264,0.05205120365286708,46235.280000000006
Kansas,2001.0,1,8.3,66164.28,39.0496359,-94.6526909,32771822.475193333,1174222.9113567397,3.716177581731987,0.05634729092753896,66164.28
Kansas,2003.0,1,1.0,7971.599999999999,37.689269,-97.343345,32632173.185870484,121969.9969256483,0.3751745143417758,0.06535705666090495,7971.599999999999
Kansas,2007.0,1,8.3,66164.28,38.93119125302246,-94.75309457361034,34736866.24021752,684336.3231329918,2.0096489887808677,0.09668386400577167,66164.28
Kansas,2012.0,1,6.6,52612.56,38.9407414,-94.7552244,36796205.62945538,1002559.5207576379,2.8009427084155565,0.05247824085321188,52612.56
Kansas,2016.0,1,13.5,107616.59999999999,38.94013431829805,-94.86772189232298,37968155.25723997,49247.449860431254,0.12987570768282264,1.0,49247.449860431254
Kansas,2023.0,1,10.0,79716.0,38.9865887,-94.7123953,41769002.41659444,405765.611326918,0.9809812835422121,0.1964582452892349,79716.0
Kentucky,2011.0,2,2.0,15943.199999999999,38.2154584,-85.42883495,64327028.25212542,743898.3109615594,1.1699617676102447,0.02143196155317505,15943.199999999999
Kentucky,2012.0,1,1.0,7971.599999999999,36.962312,-86.47093919999999,65699843.98270131,1372815.7305758893,2.1341196195092853,0.005806751643686333,7971.599999999999
Kentucky,2019.0,1,150.0,1195740.0,37.05044666481538,-88.39390071822639,72340605.3923624,1117258.871266529,1.5686694403437003,1.0,1117258.871266529
Louisiana,2000.0,1,2.5,19929.0,30.4537793,-91.1159194,72813598.52917887,1903964.37707524,2.6850573971248677,0.010467107599257596,19929.0
Louisiana,2007.0,1,10.0,79716.0,30.387342,-91.092453,79490496.19131288,4058664.225139752,5.380572258883798,0.01964094479810168,79716.0
Louisiana,2014.0,1,6.0,47829.6,30.4522872,-91.1155706,89821669.56172757,5782207.685882226,6.880348299260292,0.008271857843636475,47829.6
Louisiana,2016.0,1,2.2,17537.52,32.510911,-93.7500758,88589937.58736227,991017.1826280355,1.1313120961414003,0.01769648428647121,17537.52
Maryland,2005.0,1,80.0,637728.0,39.2753703,-76.6255517,51425228.51765562,1465285.1724156737,2.932920004112219,0.43522449554897197,637728.0
Maryland,2012.0,2,160.0,1275456.0,39.101488700000004,-76.8830304,53881367.78932123,933969.3790706918,1.7639570727045897,1.0,933969.3790706918
Maryland,2014.0,1,80.0,637728.0,39.2919659,-76.6203816,56465602.225325815,191713.5310890302,0.3406793728627897,1.0,191713.5310890302
Massachusetts,1999.0,4,12.2,97253.51999999999,42.266959275,-71.75808375,42674393.62455467,814554.0737284347,1.9459082559057657,0.1193947991136356,97253.51999999999
Massachusetts,2005.0,1,11.6,92470.56000000001,42.3013161,-71.2190293,44857477.95424013,857843.8244836628,1.9496612675320237,0.10779416644475834,92470.56000000001
Massachusetts,2017.0,1,3.6,28697.76,42.3376904,-71.6394718,54503271.61026869,2543055.8127086684,4.894236433921983,0.011284754293077563,28697.76
Michigan,2005.0,1,1.0,7971.599999999999,42.537172,-83.0998681,101382147.69106437,980450.6767645627,0.9765279929729883,0.008130546685230382,7971.599999999999
Michigan,2012.0,2,3.0,23914.8,42.6829817,-84.3855329,101582039.12978849,299522.9560840279,0.29573016883815506,0.07984296199751369,23914.8
Michigan,2014.0,5,9.4,74933.04000000001,42.469840683113475,-84.23533546377351,99927864.75330535,497022.92984572053,0.4998679692646969,0.15076374851208527,74933.04000000001
Michigan,2015.0,1,20.0,159432.0,42.4716648,-83.2380381,103385958.39836885,3458093.6450635046,3.4605899501611437,0.046104014628867054,159432.0
Michigan,2019.0,1,1.5,11957.4,42.56279,-83.1799,102640602.76157926,207079.65211638808,0.20216004080529176,0.057742998299414774,11957.4
Minnesota,2001.0,1,1.35,10761.66,44.8626944,-93.3305488,55707761.01465355,2101937.045208581,3.9210982866463793,0.0051198774123761125,10761.66
Minnesota,2004.0,1,5.0,39858.0,44.865168,-93.4669018,58426132.750576615,1530854.1016034037,2.6906522614087436,0.026036445901835497,39858.0
Minnesota,2010.0,1,5.4,43046.64,44.8772254,-93.4073773,63120486.71097142,4306122.499176033,7.321549007431806,0.00999661296403827,43046.64
Minnesota,2014.0,1,5.0,39858.0,44.838426,-93.1458016,64518849.08436701,897962.4577121958,1.4114271355281343,0.04438715634231427,39858.0
Minnesota,2021.0,1,9.0,71744.4,45.1437611,-93.3871665,72073347.18467188,5022607.811134495,7.490756788159662,0.014284292681772129,71744.4
Missouri,2003.0,2,12.0,95659.2,37.23119970779098,-93.21257829666138,64988889.704807945,1677642.4062232748,2.649833130456709,0.057020017880538044,95659.2
Missouri,2006.0,3,107.8,859338.48,39.038932100000004,-94.52726036666667,67273173.26163752,487754.19265095145,0.7303303617023373,1.0,487754.19265095145
Missouri,2024.0,1,15.0,119573.99999999999,39.16575620561504,-91.87113858465726,85441248.5046354,2874863.999973029,3.481881902931926,0.0415929240482756,119573.99999999999
Nebraska,2006.0,1,15.0,119573.99999999999,41.2437917,-96.0172896,27100415.064631283,591688.1855710223,2.23205055554142,0.20208955141567064,119573.99999999999
Nebraska,2010.0,1,15.0,119573.99999999999,41.1346075,-96.0391842,28471225.08371415,1794606.7533384115,6.727264794634615,0.06662963893207402,119573.99999999999
Nebraska,2024.0,1,15.0,119573.99999999999,40.84289780607994,-97.99159193966044,33310205.974678468,1539385.3706100695,4.845280484863976,0.07767645599529892,119573.99999999999
Nevada,2009.0,1,3.55,28299.18,39.4693602,-119.7699757,29034230.954157516,1053496.5165884905,3.765078143102589,0.026862148620709708,28299.18
Nevada,2010.0,1,3.55,28299.18,36.06598,-115.138266,30906247.49070827,1872016.5365507528,6.447618810728968,0.015116949795829313,28299.18
Nevada,2012.0,1,3.55,28299.18,36.05966,-115.1470449,31521964.496334616,217456.6065231301,0.6946494967707336,0.1301371361048528,28299.18
New Jersey,2006.0,1,20.0,159432.0,40.831772,-74.448799,63062233.742766626,580947.4399344102,0.9297943021190272,0.2744344652211569,159432.0
New Jersey,2007.0,2,40.0,318864.0,40.7860205,-74.073953,66216154.713642195,3153920.9708755687,5.001283309659691,0.10110082115072125,318864.0
New Jersey,2010.0,7,157.4,1254729.8399999999,40.66522304285714,-74.39761310000002,67406643.085504,2415958.1575357243,3.717391438809155,0.5193508157772995,1254729.8399999999
New Jersey,2012.0,1,20.0,159432.0,40.5495735,-74.4557503,69162336.09095414,410301.1678507328,0.5967840345520528,0.3885731079810166,159432.0
New Jersey,2014.0,1,0.281,2240.0196000000005,40.761979,-74.026033,71807961.61507113,3241681.70457612,4.727807471555614,0.0006910054114313188,2240.0196000000005
New Mexico,2001.0,2,12.0,95659.2,35.084715,-106.648772,15883101.066956066,225807.79536003433,1.4421892177856392,0.42363107902222,95659.2
New Mexico,2013.0,1,6.0,47829.6,36.3876872,-105.5880244,18134553.543398414,331610.8941475302,1.8626746189146646,0.1442341034149533,47829.6
New York,1999.0,2,6.0,47829.6,41.8260272,-73.61841505,132582669.70602238,1433289.9639098793,1.092868274884906,0.03337049808785752,47829.6
New York,2000.0,3,12.0,95659.2,40.912491966666664,-73.59285503333332,133230855.04221725,648185.3361948729,0.48889144986452926,0.147580012472298,95659.2
New York,2001.0,2,5.0,39858.0,40.914740949999995,-73.9088731,134098017.74116366,867162.6989464015,0.650872276299376,0.0459636929130223,39858.0
New York,2002.0,2,8.0,63772.799999999996,40.7247625,-73.81949814999999,137162593.5529875,3064575.81182383,2.2853252146792227,0.02080966630159712,63772.799999999996
New York,2005.0,1,4.0,31886.399999999998,42.884419,-78.875427,137905690.02240023,3137567.335371107,2.328122758419254,0.010162777907753977,31886.399999999998
New York,2008.0,3,12.0,95659.2,42.229425666666664,-77.17664116666667,135048883.42923152,274570.7888907492,0.20372635075013873,0.34839540064133506,95659.2
New York,2009.0,1,2.0,15943.199999999999,40.930513,-73.1137812,135933518.3299955,884634.9007639885,0.6550479191688807,0.018022350221804647,15943.199999999999
New York,2010.0,3,10.0,79716.0,42.1676584,-77.2475086,138750390.89051434,2816872.560518831,2.0722428104012747,0.028299469815317935,79716.0
New York,2011.0,2,19.0,151460.4,41.801074,-76.44186644999999,142959750.76996893,4209359.879454583,3.033764339284723,0.03598181299234151,151460.4
New York,2014.0,2,5.4399999999999995,43365.504,43.78045305,-76.92761285,141811785.81053022,71768.87800839543,0.05063416779649635,0.6042382882860055,43365.504
New York,2018.0,1,0.5,3985.7999999999997,40.8225911,-73.2916469,148515061.38604182,7308283.0350314975,5.175589387688348,0.0005453811765218288,3985.7999999999997
New York,2021.0,3,166.0,1323285.5999999999,42.25224830254377,-76.93270788869124,142476764.8514826,3928206.1518956423,2.8352558761820976,0.336867656337593,1323285.5999999999
North Carolina,1999.0,2,3.6,28697.76,35.197538,-80.88182835,94923794.8069315,5265607.607976928,5.872980229114343,0.005450037704390551,28697.76
North Carolina,2000.0,3,6.199999999999999,49423.92,35.16602126666667,-80.18475793333333,98558665.60364978,3634870.7967182845,3.8292514580894736,0.01359716005438818,49423.92
North Carolina,2002.0,1,3.5,27900.6,36.0559097,-80.2274853,99171107.21030578,467845.68063029647,0.47399211878083386,0.05963633128430603,27900.6
North Carolina,2012.0,1,2.5,19929.0,35.1938069,-80.9384415,116223915.69246495,4680337.438885644,4.195972114365497,0.004258026319731544,19929.0
North Carolina,2013.0,2,33.0,263062.8,35.7132043,-79.9094619,116618978.34695637,395062.65449142456,0.33991511311388156,0.6658761515654985,263062.8
North Carolina,2015.0,1,2.4,19131.84,35.5051704,-80.6227366,122763648.61790054,4369811.463044748,3.6909112569171634,0.004378184313395876,19131.84
North Dakota,2021.0,1,100.0,797160.0,47.90964296602304,-97.11151765887791,17792303.87167181,1291578.6732672472,7.827405509378027,0.6171981749926708,797160.0
Ohio,2000.0,1,2.0,15943.199999999999,41.1183038,-80.6570664,157087148.83693898,5314296.77637279,3.501480471785611,0.0030000582712811606,15943.199999999999
Ohio,2006.0,1,2.0,15943.199999999999,40.9101759,-81.4315421,151024335.09267944,97042.42575514317,0.0642974667075639,0.1642910291652002,15943.199999999999
Ohio,2009.0,1,1.5,11957.4,40.8325814,-81.4319719,144639905.94075218,512486.84116351604,0.35557900388780267,0.023332111265242858,11957.4
Ohio,2010.0,2,3.6,28697.76,39.59057005,-83.70896095,147519685.26700008,2879779.3262479007,1.9909991696396183,0.009965263566702055,28697.76
Ohio,2011.0,3,6.0,47829.6,40.4164467,-82.5901743,150054786.22078723,2535100.953787148,1.7184831632461774,0.01886694095102923,47829.6
Ohio,2013.0,1,2.0,15943.199999999999,39.3848676,-84.566587,149902636.95688722,1953206.1381567717,1.3201849627592452,0.00816257930412071,15943.199999999999
Ohio,2016.0,2,2.0,15943.199999999999,41.0979125,-81.61109295,150340805.31234652,820491.1606494784,0.5487489544845675,0.0194312879463318,15943.199999999999
Oklahoma,1992.0,1,5.625,44840.25,36.151702,-95.988297,42083299.261292726,785344.8091727272,1.9016554683918785,0.05709625819929234,44840.25
Oklahoma,2001.0,1,5.625,44840.25,36.26252432303883,-95.9100903661328,46901742.49774584,223983.91767273843,0.47985148491761115,0.2001940606535681,44840.25
Oklahoma,2003.0,1,5.625,44840.25,35.5143079,-97.5968398,47373308.736779906,1109156.4382067919,2.3974424756530133,0.0404273450123002,44840.25
Oklahoma,2004.0,1,5.625,44840.25,36.15326283155181,-95.98921136228346,49046942.54679508,1673633.8100151718,3.53286239581528,0.026792151145413057,44840.25
Oklahoma,2009.0,1,5.625,44840.25,35.46727620284629,-97.64960646629332,49366945.27952793,216955.88255393505,0.44141592951654296,0.20667911592050403,44840.25
Oklahoma,2010.0,1,1.25,9964.5,35.42515106852714,-97.6000587918491,51848058.774571426,2481113.495043494,5.0258598764716185,0.004016140341788485,9964.5
Oklahoma,2013.0,1,10.0,79716.0,35.5353195,-97.5217825,54399264.72855694,842659.1180967763,1.5733990391881674,0.09460053097158193,79716.0
Oregon,1995.0,1,1.2,9565.92,45.475963,-122.776797,26972987.72534971,132296.81028044224,0.4928964410754656,0.07230650519632485,9565.92
Oregon,1997.0,1,18.0,143488.8,44.5109314,-123.2769639,28272376.36260603,67878.85412987694,0.2406667734799305,1.0,67878.85412987694
Oregon,2011.0,1,0.9,7174.44,44.0860672,-121.2829166,36805384.32233273,857382.3565832227,2.3850626173886336,0.00836784189097505,7174.44
Oregon,2012.0,3,58.0,462352.8,45.54741532053898,-122.89574082524364,37976350.08706011,1170965.7647273764,3.1815066906307483,0.3948474105113096,462352.8
Oregon,2015.0,1,18.0,143488.8,45.5570103,-122.9211116,40520570.274365515,939569.3646744639,2.3737887953319006,0.15271762298222133,143488.8
Oregon,2016.0,1,2.0,15943.199999999999,44.047105,-121.328075,41624002.55346829,1103432.2791027725,2.72314104078845,0.01444873446421542,15943.199999999999
Oregon,2021.0,1,54.0,430466.39999999997,45.568047,-122.9169313,44951579.13081341,3311147.450244069,7.951760624492153,0.13000520407759844,430466.39999999997
Pennsylvania,2000.0,1,5.5,43843.799999999996,40.4652826,-79.946724,135480886.22077987,385333.1855778396,0.28523010337537374,0.11378153151863242,43843.799999999996
Pennsylvania,2001.0,1,5.5,43843.799999999996,39.9893611,-74.88954009999999,135567009.59612945,86123.37534958124,0.0635686536691489,0.50908130135442,43843.799999999996
Pennsylvania,2007.0,1,2.0,15943.199999999999,40.355377,-75.984699,139953597.02867654,7618672.775310978,5.7571142450079416,0.002092647954597214,15943.199999999999
Pennsylvania,2009.0,1,5.5,43843.799999999996,40.3175212,-76.8547797,134229101.3546735,2701933.318538606,2.054277727470187,0.016226825325102317,43843.799999999996
Pennsylvania,2010.0,1,5.5,43843.799999999996,39.8924992,-75.1655079,136820848.18701118,2591746.8323376775,1.9308382505590242,0.01691669859607939,43843.799999999996
Pennsylvania,2013.0,2,21.0,167403.59999999998,40.51902842867878,-77.74662594521484,142122512.8483891,882579.5459142327,0.6248796110828861,0.18967536781808436,167403.59999999998
Pennsylvania,2017.0,1,1.5,11957.4,40.7523755,-79.6373443,143052023.6418098,2422972.597292304,1.7229531020054232,0.004935012477385222,11957.4
South Carolina,1996.0,1,2.5,19929.0,32.73063151069019,-80.05915939807892,58067392.8480154,103705.77214698493,0.17891507145024246,0.19216866706082764,19929.0
South Carolina,2007.0,1,13.3,106022.27999999998,34.8079545,-82.3445036,67924529.00073643,1017589.4637663886,1.520902720717199,0.10418964010061711,106022.27999999998
South Carolina,2010.0,1,2.0,15943.199999999999,33.987031,-81.030436,70682934.24694835,2964188.5710664243,4.377205368294531,0.005378605179043695,15943.199999999999
South Carolina,2011.0,1,1.3,10363.08,32.9664769,-80.1109129,72099729.35159917,1416795.1046508253,2.0044373083054254,0.007314452150478048,10363.08
South Carolina,2013.0,1,0.5,3985.7999999999997,34.697807,-82.9432303,71756598.06096224,340025.1677829772,0.47611521248935734,0.011722073474702192,3985.7999999999997
South Carolina,2018.0,1,13.6,108413.76000000001,34.9965805,-82.0348432,76881585.45678231,1920016.7740041763,2.561334838294661,0.0564650066956989,108413.76000000001
South Carolina,2021.0,1,3.0,23914.8,36.45663572314526,-111.621094,80926248.38002138,4736542.5205937475,6.216774913572728,0.005048999327256576,23914.8
South Dakota,2005.0,1,6.0,47829.6,43.5955224,-96.7171664,10836505.211799003,174471.2865346577,1.636379022591902,0.2741402379153026,47829.6
South Dakota,2012.0,1,6.0,47829.6,43.60695260861166,-96.80919287742653,11792925.739115182,75150.63688629866,0.6413387885555506,0.6364496959934642,47829.6
Tennessee,2002.0,1,6.2,49423.92,35.0473205,-85.3107537,82353255.63121034,3474920.4875514805,4.405418143299687,0.014223036232643522,49423.92
Tennessee,2013.0,1,2.4,19131.84,35.9245231,-86.8555194,91782540.88071968,2104194.2165450156,2.3463793600307463,0.009092240559150262,19131.84
Tennessee,2014.0,1,6.2,49423.92,35.6920634,-85.7607224,94770140.60202369,2987599.7213040143,3.255085000519533,0.016543019350138265,49423.92
Tennessee,2018.0,1,2.0,15943.199999999999,35.8407381,-84.2658246,98646687.69213471,904319.9339520335,0.9252077217827852,0.01763004375047388,15943.199999999999
Texas,1994.0,2,15.3,121965.47999999998,30.2070175,-97.708914,246535296.40879548,10224473.663139045,4.326705626235216,0.011928778342860439,121965.47999999998
Texas,1997.0,1,7.65,60982.73999999999,30.674497,-96.373633,254692813.8576944,3505704.936950624,1.3956547977375573,0.017395285997185136,60982.73999999999
Texas,1998.0,1,6.7,53409.72,32.9799672,-96.8534887,255758272.54878262,1065458.6910882294,0.4183308806205807,0.05012838174462571,53409.72
Texas,1999.0,1,4.5,35872.2,32.93394,-96.827985,268580512.6578159,12822240.109033257,5.0134214550528675,0.002797654676169109,35872.2
Texas,2000.0,4,27.15,216428.93999999997,32.099448525,-96.480266225,274328232.8368851,5747720.179069221,2.140036193315367,0.037654745404646375,216428.93999999997
Texas,2001.0,2,22.2,176969.52,31.59590865,-97.474131,287252778.57144284,12924545.734557748,4.7113436341940975,0.01369251373584586,176969.52
Texas,2004.0,1,2.0,15943.199999999999,30.2635804,-97.7303162,308163610.4786056,19299710.141141057,6.681246815055192,0.0008260849454942845,15943.199999999999
Texas,2005.0,3,19.0,151460.4,31.738226733333335,-97.39676753333333,312033469.9257233,3869859.4471176863,1.255780798098597,0.039138475717201915,151460.4
Texas,2006.0,1,7.65,60982.73999999999,29.9973255,-95.5640711,315896844.5933095,3863374.6675862074,1.2381282906945361,0.015784837155879916,60982.73999999999
Texas,2007.0,2,11.0,87687.6,29.704485849999998,-95.46544055,318964751.2022515,3067906.6089419723,0.9711735528386308,0.02858222598576454,87687.6
Texas,2009.0,3,17.3,137908.68,32.9418143,-96.75134053333333,322450190.0437436,9735958.087161481,3.113372239646976,0.014164880206484872,137908.68
Texas,2010.0,1,7.65,60982.73999999999,31.7591246,-106.4860513,347223070.75852674,24772880.714783132,7.682699988926178,0.002461673339572848,60982.73999999999
Texas,2011.0,6,109.25,870897.2999999999,30.4492193,-97.08402293333334,359030095.8680314,11807025.10950464,3.4004149216558637,0.07376094248321101,870897.2999999999
Texas,2012.0,3,20.8,165809.28,32.96771366666667,-96.71269826666666,365101680.04607695,6071584.178045571,1.6911073049088625,0.027309063851828803,165809.28
Texas,2014.0,4,60.6,483078.95999999996,32.90162152,-96.795850835,366455539.3241533,4437936.6474993825,1.225889739804517,0.1088521532348141,483078.95999999996
Texas,2015.0,1,13.5,107616.59999999999,32.9841609,-96.6982857,381719727.7200446,15264188.395891309,4.165358892934938,0.007050266755680725,107616.59999999999
Texas,2017.0,6,74.95,597471.4199999999,31.92283148157787,-96.8420914896812,399787983.89132404,20819782.076631784,5.493807126016403,0.028697294611484167,597471.4199999999
Texas,2018.0,3,44.3,353141.87999999995,29.1007196677274,-98.65563294241674,405712004.89809734,5924021.006773293,1.4817906604175586,0.059611854785158826,353141.87999999995
Texas,2019.0,3,595.65,4748283.54,31.997363718268307,-96.94253488869451,412652753.8794994,6940748.9814020395,1.7107576057911689,0.6841168802852803,4748283.54
Texas,2021.0,1,7.65,60982.73999999999,29.45084649296246,-98.63868482326588,437387271.0474382,39427964.70186043,9.907536794131957,0.0015466874960736305,60982.73999999999
Texas,2022.0,2,359.0,2861804.4,32.37745859224208,-100.51471553057544,440047824.50195646,2660553.4545182586,0.608283237906505,1.0,2660553.4545182586
Texas,2023.0,4,738.3,5885432.28,30.93058981635509,-98.70376438679094,445395635.3103625,5347810.808406055,1.2152794561497209,1.0,5347810.808406055
Utah,2001.0,1,27.0,215233.19999999998,40.7609528,-111.8893002,23763620.27442358,245207.83700832725,1.0426207026552015,0.8777582422567133,215233.19999999998
Utah,2002.0,1,6.0,47829.6,40.2760746,-111.6753697,23804793.69171492,41173.41729133949,0.1732623935909875,1.0,41173.41729133949
Utah,2008.0,1,4.0,31886.399999999998,37.0815164,-113.6071645,25697655.64120607,401151.4145359993,1.5857978278005145,0.07948719322573525,31886.399999999998
Utah,2021.0,2,248.0,1976956.8,40.57925839124371,-112.00785818209954,29689500.60803309,643522.0075751208,2.2155287533158696,1.0,643522.0075751208
Vermont,2011.0,1,6.0,47829.6,44.450544,-73.127403,4986007.086815435,178394.81598512363,3.7106739465558745,0.2681109298825618,47829.6
Virginia,1999.0,2,60.0,478295.99999999994,38.9744565,-77.34907855,68982716.98080505,3245351.5680426285,4.936844590082351,0.14737879393710032,478295.99999999994
Virginia,2000.0,1,12.6,100442.16,39.022193,-77.455587,69627961.54796557,645244.567160517,0.9353713443036189,0.1556652548691868,100442.16
Virginia,2001.0,2,39.0,310892.39999999997,39.00230724547398,-77.48440851037964,69710498.94119968,82537.39323410392,0.11854058541875487,1.0,82537.39323410392
Virginia,2007.0,1,36.4,290166.24,39.0178075,-77.4624887,84213047.75722685,4143800.286457464,5.1752706780093405,0.07002418551596346,290166.24
Virginia,2009.0,1,36.4,290166.24,39.0201312,-77.4632058,85281146.82359359,3047246.7333583087,3.7055845946921697,0.09522243040694434,290166.24
Virginia,2010.0,3,66.9,533300.0399999999,38.142865122929415,-77.7978432063694,89625459.92645706,4344313.102863476,5.094107273029299,0.12275819614578075,533300.0399999999
Virginia,2011.0,4,58.3,464744.27999999997,38.70095015,-77.7565821,90045106.91806372,419646.99160665274,0.4682229714090144,1.0,419646.99160665274
Virginia,2012.0,1,0.83,6616.427999999999,38.9343841,-77.428724,92580619.54877079,2535512.63070707,2.81582499870232,0.002609503072424016,6616.427999999999
Virginia,2013.0,1,26.4,210450.24,39.0005693,-77.4805131,97300474.66281028,4719855.114039496,5.0981027530855,0.0445882839441412,210450.24
Virginia,2014.0,2,41.7,332415.72,38.400179699999995,-78.45473675,97722410.56583442,421935.903024137,0.43364218364435925,0.7878346393788253,332415.72
Virginia,2017.0,4,163.3,1301762.28,38.95376221062574,-77.48288250562982,106439517.94414262,4730094.158003211,4.650595767752065,0.2752085342312791,1301762.28
Virginia,2018.0,1,30.0,239147.99999999997,36.7842314,-76.0086242,111765685.97218508,5326168.028042451,5.00393850979062,0.04490057368465994,239147.99999999997
Virginia,2020.0,2,150.0,1195739.9999999998,39.003543,-77.45533745,109383723.78405638,41167.67088896036,0.0376501815508617,1.0,41167.67088896036
Virginia,2021.0,2,78.0,621784.7999999999,39.000318,-77.442395,119220598.28940044,9836874.505344063,8.992996549252489,0.06320958955633763,621784.7999999999
Virginia,2023.0,2,80.4,640916.6399999999,39.01918577083083,-77.46326453347207,123490146.4134171,3966914.63828066,3.3189486088727636,0.16156552344614755,640916.6399999999
Virginia,2024.0,2,132.0,1052251.2,38.87475995,-77.5800015,123720758.18979686,230611.77637976408,0.18674508297020553,1.0,230611.77637976408
Washington,1994.0,1,2.0,15943.199999999999,47.6554241,-117.4042987,70697614.33164507,2252699.1653686166,3.2912586127048713,0.007077376440271891,15943.199999999999
Washington,1999.0,2,10.15,80911.74,47.37324785,-122.36527045,72603349.95981188,1601459.3575609624,2.2555164995989454,0.05052375486021034,80911.74
Washington,2001.0,2,3.0,23914.8,47.3724665,-122.364521,74167609.16613066,1388106.7554557621,1.907277062191294,0.01722835790979777,23914.8
Washington,2002.0,2,4.0,31886.399999999998,46.062514449999995,-118.35327815,76348131.30161184,2180522.1354811788,2.9399924845857575,0.01462328654277274,31886.399999999998
Washington,2017.0,1,7.0,55801.2,47.1608567,-122.2793217,89011646.53774275,1022383.4755894989,1.1619411732853298,0.05457952063224167,55801.2
Washington,2018.0,1,13.0,103630.79999999999,47.41402423123076,-120.2106899118301,89358532.61179882,346886.074056074,0.3897086365085801,0.29874592193415095,103630.79999999999
Washington,2021.0,1,0.03,239.14800000000002,47.2300411,-120.0012802,95628216.07692097,6970939.366337463,7.8627943751235305,3.430642377336421e-05,239.14800000000002
Wisconsin,1996.0,1,6.0,47829.6,43.039034,-87.906925,51321308.46231379,18505.852710053325,0.03607181629213583,1.0,18505.852710053325
Wisconsin,2004.0,2,12.0,95659.2,43.10748875,-87.9431102,58243638.35562536,1926380.6708556488,3.42058677934635,0.04965747499818436,95659.2
Wisconsin,2007.0,1,1.0,7971.599999999999,44.8158887,-91.4954639,58728772.9919568,983643.096322909,1.7034217398085412,0.008104158947284569,7971.599999999999
Wisconsin,2013.0,1,8.6,68555.76,43.0443788,-87.9476045,64004059.48649276,2646568.5859996974,4.313358560068547,0.025903640042679716,68555.76
Wisconsin,2016.0,1,0.25,1992.8999999999999,44.51529,-88.01125,65238038.64823119,711169.4670967609,1.1021292000087985,0.0028022856607380874,1992.8999999999999
Wisconsin,2024.0,1,20.0,159432.0,44.2046514,-88.3447611,73032963.21082807,1731422.5137084574,2.4283100993053326,0.09208151028284808,159432.0
