state,state_code,year,total_consumption_mwh,prev_year_consumption,yoy_change_mwh,yoy_change_pct
Alabama,AL,2001,79358258.0,,,
Alabama,AL,2002,83067078.0,79358258.0,3708820.0,4.673514884865542
Alabama,AL,2003,83844220.0,83067078.0,777142.0,0.9355595727106231
Alabama,AL,2004,86870519.0,83844220.0,3026299.0,3.609430679896599
Alabama,AL,2005,89201620.0,86870519.0,2331101.0,2.68342013704327
Alabama,AL,2006,90677695.0,89201620.0,1476075.0,1.6547625480344417
Alabama,AL,2007,91828464.0,90677695.0,1150769.0,1.2690761493220577
Alabama,AL,2008,89707279.01,91828464.0,-2121184.9899999946,-2.30994279725728
Alabama,AL,2009,82844601.98,89707279.01,-6862677.030000001,-7.650078238617619
Alabama,AL,2010,90862645.0,82844601.98,8018043.019999996,9.678413352671642
Alabama,AL,2011,88995368.99000001,90862645.0,-1867276.0099999905,-2.0550535481329986
Alabama,AL,2012,86182548.01,88995368.99000001,-2812820.980000004,-3.1606374712779357
Alabama,AL,2013,87852107.02,86182548.01,1669559.0099999905,1.9372356104002249
Alabama,AL,2014,90493727.02000001,87852107.02,2641620.000000015,3.0068943018050054
Alabama,AL,2015,88845543.0,90493727.02000001,-1648184.0200000107,-1.8213240566782554
Alabama,AL,2016,88225141.0,88845543.0,-620402.0,-0.6982927663574525
Alabama,AL,2017,86241730.01,88225141.0,-1983410.9899999946,-2.24812447735277
Alabama,AL,2018,90280456.0,86241730.01,4038725.9899999946,4.683029885337053
Alabama,AL,2019,88095112.00999999,90280456.0,-2185343.9900000095,-2.4206169162459807
Alabama,AL,2020,83395605.02,88095112.00999999,-4699506.989999995,-5.334583137219392
Alabama,AL,2021,85585166.0,83395605.02,2189560.980000004,2.6255112358437858
Alabama,AL,2022,87027544.99,85585166.0,1442378.9899999946,1.6853142400868797
Alabama,AL,2023,84880358.99,87027544.99,-2147186.0,-2.4672487317052605
Alabama,AL,2024,87522932.01,84880358.99,2642573.0200000107,3.1132915216715094
Alaska,AK,2001,5454080.0,,,
Alaska,AK,2002,5465489.0,5454080.0,11409.0,0.2091828502698897
Alaska,AK,2003,5563682.0,5465489.0,98193.0,1.7966004505726754
Alaska,AK,2004,5788484.0,5563682.0,224802.0,4.040525680655365
Alaska,AK,2005,5912571.0,5788484.0,124087.0,2.1436873627015296
Alaska,AK,2006,6182291.0,5912571.0,269720.0,4.561805684870423
Alaska,AK,2007,6326610.0,6182291.0,144319.0,2.334393512049174
Alaska,AK,2008,6325943.99,6326610.0,-666.0099999997765,-0.010527122740294983
Alaska,AK,2009,6270170.9799999995,6325943.99,-55773.01000000071,-0.8816551346038823
Alaska,AK,2010,6247038.02,6270170.9799999995,-23132.959999999963,-0.3689366697301764
Alaska,AK,2011,6319539.95,6247038.02,72501.93000000063,1.1605808987857038
Alaska,AK,2012,6416410.9799999995,6319539.95,96871.02999999933,1.5328810446083077
Alaska,AK,2013,6268212.0,6416410.9799999995,-148198.97999999952,-2.3096865282154906
Alaska,AK,2014,6164812.0,6268212.0,-103400.0,-1.6495932173321515
Alaska,AK,2015,6159204.0,6164812.0,-5608.0,-0.09096789975103864
Alaska,AK,2016,6123202.02,6159204.0,-36001.98000000045,-0.5845232598238416
Alaska,AK,2017,6185799.0,6123202.02,62596.98000000045,1.022291601608801
Alaska,AK,2018,5972466.98,6185799.0,-213332.01999999955,-3.4487383117362778
Alaska,AK,2019,5818805.03,5972466.98,-153661.9500000002,-2.5728388371935407
Alaska,AK,2020,5917576.989999999,5818805.03,98771.95999999903,1.697461239734974
Alaska,AK,2021,5969339.0,5917576.989999999,51762.01000000071,0.8747162916084125
Alaska,AK,2022,6002080.0,5969339.0,32741.0,0.5484861891743793
Alaska,AK,2023,6024598.01,6002080.0,22518.009999999776,0.37517010769599496
Alaska,AK,2024,6046502.98,6024598.01,21904.97000000067,0.3635922257989902
Arizona,AZ,2001,62274304.0,,,
Arizona,AZ,2002,62600737.0,62274304.0,326433.0,0.524185705873164
Arizona,AZ,2003,64079560.0,62600737.0,1478823.0,2.362309248851176
Arizona,AZ,2004,66933251.00000001,64079560.0,2853691.0000000075,4.453356109186779
Arizona,AZ,2005,69390686.0,66933251.00000001,2457434.9999999925,3.6714711496681853
Arizona,AZ,2006,73252776.0,69390686.0,3862090.0,5.565718142633724
Arizona,AZ,2007,77193206.0,73252776.0,3940430.0,5.379222761469135
Arizona,AZ,2008,76267916.02000001,77193206.0,-925289.9799999893,-1.1986676392220181
Arizona,AZ,2009,73432929.01,76267916.02000001,-2834987.0100000054,-3.7171423554520313
Arizona,AZ,2010,72833030.0,73432929.01,-599899.0100000054,-0.8169346069776297
Arizona,AZ,2011,74943645.0,72833030.0,2110615.0,2.8978816341981104
Arizona,AZ,2012,75063343.0,74943645.0,119698.0,0.159717344946326
Arizona,AZ,2013,75662037.02000001,75063343.0,598694.0200000107,0.7975850742485725
Arizona,AZ,2014,76297684.99,75662037.02000001,635647.9699999839,0.8401147986961557
Arizona,AZ,2015,77349415.96,76297684.99,1051730.9699999988,1.3784572495716543
Arizona,AZ,2016,78237828.02,77349415.96,888412.0600000024,1.148569835949932
Arizona,AZ,2017,77646262.01,78237828.02,-591566.0099999905,-0.756112516120422
Arizona,AZ,2018,78346301.99000001,77646262.01,700039.9800000042,0.9015758928740788
Arizona,AZ,2019,77929170.02000001,78346301.99000001,-417131.9699999988,-0.5324207517200248
Arizona,AZ,2020,81960074.00999999,77929170.02000001,4030903.9899999797,5.1725226753543945
Arizona,AZ,2021,81219990.0,81960074.00999999,-740084.0099999905,-0.9029811392187035
Arizona,AZ,2022,84196517.02,81219990.0,2976527.019999996,3.6647714682062826
Arizona,AZ,2023,85918797.98,84196517.02,1722280.9600000083,2.045548938314038
Arizona,AZ,2024,90843287.99,85918797.98,4924490.00999999,5.731562970825433
Arkansas,AR,2001,41732449.0,,,
Arkansas,AR,2002,42449558.0,41732449.0,717109.0,1.7183487122934005
Arkansas,AR,2003,43108259.0,42449558.0,658701.0,1.5517264043126195
Arkansas,AR,2004,43672360.0,43108259.0,564101.0,1.3085682722654144
Arkansas,AR,2005,46164923.0,43672360.0,2492563.0,5.707415399579963
Arkansas,AR,2006,46635624.0,46164923.0,470701.0,1.0196074625749945
Arkansas,AR,2007,47054891.0,46635624.0,419267.0,0.8990273186866762
Arkansas,AR,2008,46134681.01,47054891.0,-920209.9900000021,-1.9556096517150618
Arkansas,AR,2009,43173103.99,46134681.01,-2961577.019999996,-6.419415838939157
Arkansas,AR,2010,48194285.0,43173103.99,5021181.009999998,11.630345159252464
Arkansas,AR,2011,47927829.0,48194285.0,-266456.0,-0.5528788320025911
Arkansas,AR,2012,46859566.980000004,47927829.0,-1068262.0199999958,-2.22889716118791
Arkansas,AR,2013,46683034.0,46859566.980000004,-176532.98000000417,-0.3767277236585428
Arkansas,AR,2014,47080301.010000005,46683034.0,397267.01000000536,0.8509879842000101
Arkansas,AR,2015,46465154.02,47080301.010000005,-615146.9900000021,-1.306591030225875
Arkansas,AR,2016,46188438.0,46465154.02,-276716.0200000033,-0.595534494259712
Arkansas,AR,2017,46085951.01,46188438.0,-102486.99000000209,-0.22188884153216457
Arkansas,AR,2018,49602707.98,46085951.01,3516756.969999999,7.630865573842477
Arkansas,AR,2019,48093031.99,49602707.98,-1509675.9899999946,-3.043535426752712
Arkansas,AR,2020,45851003.01,48093031.99,-2242028.980000004,-4.6618582510376765
Arkansas,AR,2021,48663142.010000005,45851003.01,2812139.0000000075,6.1332115229555315
Arkansas,AR,2022,48997662.989999995,48663142.010000005,334520.9799999893,0.6874216628495691
Arkansas,AR,2023,48649299.99,48997662.989999995,-348362.99999999255,-0.7109788074404497
Arkansas,AR,2024,49895812.01,48649299.99,1246512.0199999958,2.562240402752393
California,CA,2001,247758778.0,,,
California,CA,2002,235213332.0,247758778.0,-12545446.0,-5.063572762697433
California,CA,2003,243221316.0,235213332.0,8007984.0,3.4045621189533595
California,CA,2004,252025973.0,243221316.0,8804657.0,3.6200186500101004
California,CA,2005,254249507.0,252025973.0,2223534.0,0.882263829212555
California,CA,2006,262958528.0,254249507.0,8709021.0,3.425383633093928
California,CA,2007,264234911.00000003,262958528.0,1276383.0000000298,0.48539327083547934
California,CA,2008,268155218.98000002,264234911.00000003,3920307.9799999893,1.4836449752848855
California,CA,2009,259583675.98,268155218.98000002,-8571543.00000003,-3.1964856147883984
California,CA,2010,258530892.0,259583675.98,-1052783.9799999893,-0.405566326936946
California,CA,2011,261941700.01,258530892.0,3410808.0099999905,1.3193038493829163
California,CA,2012,259538038.02,261941700.01,-2403661.9899999797,-0.9176324311509838
California,CA,2013,261332458.99,259538038.02,1794420.9699999988,0.6913903579180639
California,CA,2014,262584786.02,261332458.99,1252327.0300000012,0.4792083749718675
California,CA,2015,261170436.98999998,262584786.02,-1414349.030000031,-0.5386256574256765
California,CA,2016,256846634.97000003,261170436.98999998,-4323802.019999951,-1.655548028265353
California,CA,2017,257267937.01,256846634.97000003,421302.03999996185,0.16402863913290916
California,CA,2018,255224271.97,257267937.01,-2043665.0399999917,-0.7943722267732705
California,CA,2019,250378710.0,255224271.97,-4845561.969999999,-1.89855060907748
California,CA,2020,250174672.03,250378710.0,-204037.9699999988,-0.08149174105098585
California,CA,2021,247249865.0,250174672.03,-2924807.030000001,-1.1691059715466599
California,CA,2022,251869136.0,247249865.0,4619271.0,1.8682602718509067
California,CA,2023,239480452.02,251869136.0,-12388683.97999999,-4.918698724563056
California,CA,2024,245717144.97,239480452.02,6236692.949999988,2.604259720321196
Colorado,CO,2001,44236038.0,,,
Colorado,CO,2002,45936696.0,44236038.0,1700658.0,3.8445079552558483
Colorado,CO,2003,46494645.0,45936696.0,557949.0,1.2146041151936569
Colorado,CO,2004,46723841.0,46494645.0,229196.0,0.4929513925743491
Colorado,CO,2005,48353236.0,46723841.0,1629395.0,3.487288213312771
Colorado,CO,2006,49733698.0,48353236.0,1380462.0,2.8549526654224344
Colorado,CO,2007,51299156.0,49733698.0,1565458.0,3.147680673172544
Colorado,CO,2008,52142473.01,51299156.0,843317.0099999979,1.6439198531843253
Colorado,CO,2009,51035906.0,52142473.01,-1106567.009999998,-2.122198940943553
Colorado,CO,2010,52917786.0,51035906.0,1881880.0,3.6873647349377903
Colorado,CO,2011,53458285.02,52917786.0,540499.0200000033,1.0213938655710262
Colorado,CO,2012,53685297.03,53458285.02,227012.0099999979,0.42465262384505487
Colorado,CO,2013,53441649.01,53685297.03,-243648.02000000328,-0.45384496962706533
Colorado,CO,2014,53396521.01,53441649.01,-45128.0,-0.08444350209245162
Colorado,CO,2015,54116045.99,53396521.01,719524.9800000042,1.3475128461370225
Colorado,CO,2016,54802036.98,54116045.99,685990.9899999946,1.2676295495180072
Colorado,CO,2017,54830186.0,54802036.98,28149.02000000328,0.051364915523625994
Colorado,CO,2018,56450480.02,54830186.0,1620294.0200000033,2.955113119623565
Colorado,CO,2019,56520822.99,56450480.02,70342.96999999881,0.12461004755863334
Colorado,CO,2020,56050263.99,56520822.99,-470559.0,-0.83254095589382
Colorado,CO,2021,56351209.0,56050263.99,300945.0099999979,0.5369198797238313
Colorado,CO,2022,56763040.99,56351209.0,411831.9900000021,0.7308307972593846
Colorado,CO,2023,55565818.99,56763040.99,-1197222.0,-2.109157612276121
Colorado,CO,2024,56842904.01,55565818.99,1277085.0199999958,2.298328438621284
Connecticut,CT,2001,30540758.0,,,
Connecticut,CT,2002,31005489.0,30540758.0,464731.0,1.5216747403584416
Connecticut,CT,2003,31830218.0,31005489.0,824729.0,2.6599451471318516
Connecticut,CT,2004,32214610.0,31830218.0,384392.0,1.2076323197032455
Connecticut,CT,2005,33095029.000000004,32214610.0,880419.0000000037,2.7329804706622363
Connecticut,CT,2006,31677453.0,33095029.000000004,-1417576.0000000037,-4.283350227612743
Connecticut,CT,2007,34129107.0,31677453.0,2451654.0,7.739429050687882
Connecticut,CT,2008,30956544.0,34129107.0,-3172563.0,-9.2957691509479
Connecticut,CT,2009,29715764.0,30956544.0,-1240780.0,-4.00813475819523
Connecticut,CT,2010,30391766.0,29715764.0,676002.0,2.274893554814879
Connecticut,CT,2011,29858993.0,30391766.0,-532773.0,-1.7530175771950862
Connecticut,CT,2012,29492338.009999998,29858993.0,-366654.9900000021,-1.2279549749048875
Connecticut,CT,2013,29824516.0,29492338.009999998,332177.9900000021,1.1263196220230833
Connecticut,CT,2014,29354460.0,29824516.0,-470056.0,-1.5760725169856906
Connecticut,CT,2015,29476155.009999998,29354460.0,121695.00999999791,0.4145707670997794
Connecticut,CT,2016,28931087.0,29476155.009999998,-545068.0099999979,-1.8491828727833726
Connecticut,CT,2017,28135529.99,28931087.0,-795557.0100000016,-2.7498344946389386
Connecticut,CT,2018,28833925.0,28135529.99,698395.0100000016,2.4822529031734146
Connecticut,CT,2019,27899996.0,28833925.0,-933929.0,-3.238993650708324
Connecticut,CT,2020,27113673.0,27899996.0,-786323.0,-2.8183624112347543
Connecticut,CT,2021,27737606.0,27113673.0,623933.0,2.3011747615308336
Connecticut,CT,2022,27767146.0,27737606.0,29540.0,0.10649801572637523
Connecticut,CT,2023,26685176.0,27767146.0,-1081970.0,-3.8965833939145202
Connecticut,CT,2024,27351355.02,26685176.0,666179.0199999996,2.4964385470045225
Delaware,DE,2001,11378626.0,,,
Delaware,DE,2002,12018734.0,11378626.0,640108.0,5.625529831106146
Delaware,DE,2003,12599590.0,12018734.0,580856.0,4.832921670452146
Delaware,DE,2004,11761153.0,12599590.0,-838437.0,-6.654478439377789
Delaware,DE,2005,12136788.0,11761153.0,375635.0,3.1938620303638596
Delaware,DE,2006,11554672.0,12136788.0,-582116.0,-4.7962937146137845
Delaware,DE,2007,11868810.0,11554672.0,314138.0,2.718709799810847
Delaware,DE,2008,11748783.0,11868810.0,-120027.0,-1.0112808276482648
Delaware,DE,2009,11257778.0,11748783.0,-491005.0,-4.179198815741171
Delaware,DE,2010,11605932.0,11257778.0,348154.0,3.092564092132568
Delaware,DE,2011,11483295.99,11605932.0,-122636.00999999978,-1.0566666253085042
Delaware,DE,2012,11519331.01,11483295.99,36035.01999999955,0.31380380712453926
Delaware,DE,2013,11347856.0,11519331.01,-171475.00999999978,-1.4885847958630696
Delaware,DE,2014,11338476.989999998,11347856.0,-9379.01000000164,-0.0826500618266714
Delaware,DE,2015,11498205.0,11338476.989999998,159728.01000000164,1.408725441175867
Delaware,DE,2016,11258438.0,11498205.0,-239767.0,-2.085255916032111
Delaware,DE,2017,11128603.010000002,11258438.0,-129834.98999999836,-1.1532238308724387
Delaware,DE,2018,11773100.0,11128603.010000002,644496.9899999984,5.7913557471756585
Delaware,DE,2019,11469421.99,11773100.0,-303678.0099999998,-2.5794226669271456
Delaware,DE,2020,11129051.01,11469421.99,-340370.98000000045,-2.9676384764355546
Delaware,DE,2021,11479654.99,11129051.01,350603.98000000045,3.150349294696965
Delaware,DE,2022,11539270.99,11479654.99,59616.0,0.5193187430452559
Delaware,DE,2023,11081670.99,11539270.99,-457600.0,-3.9655884708536515
Delaware,DE,2024,11373916.0,11081670.99,292245.0099999998,2.637192624322803
District of Columbia,DC,2001,10880472.0,,,
District of Columbia,DC,2002,11128743.0,10880472.0,248271.0,2.281803583521009
District of Columbia,DC,2003,10946383.0,11128743.0,-182360.0,-1.6386396918322221
District of Columbia,DC,2004,11414847.0,10946383.0,468464.0,4.279623689395849
District of Columbia,DC,2005,11816207.0,11414847.0,401360.0,3.516122467519714
District of Columbia,DC,2006,11396424.0,11816207.0,-419783.0,-3.5526036400682552
District of Columbia,DC,2007,12110185.0,11396424.0,713761.0,6.263026015880069
District of Columbia,DC,2008,11616234.0,12110185.0,-493951.0,-4.078806393131071
District of Columbia,DC,2009,11434375.0,11616234.0,-181859.0,-1.565559027133923
District of Columbia,DC,2010,11876995.0,11434375.0,442620.0,3.8709592784913913
District of Columbia,DC,2011,11562055.0,11876995.0,-314940.0,-2.651680833409461
District of Columbia,DC,2012,11258845.0,11562055.0,-303210.0,-2.622457685939048
District of Columbia,DC,2013,11085519.0,11258845.0,-173326.0,-1.5394651938098447
District of Columbia,DC,2014,11193589.0,11085519.0,108070.0,0.9748754208079928
District of Columbia,DC,2015,11291233.01,11193589.0,97644.00999999978,0.8723208436543433
District of Columbia,DC,2016,11394003.0,11291233.01,102769.99000000022,0.910175088132383
District of Columbia,DC,2017,10916446.0,11394003.0,-477557.0,-4.191301336325784
District of Columbia,DC,2018,11357910.0,10916446.0,441464.0,4.044026783075737
District of Columbia,DC,2019,11028403.0,11357910.0,-329507.0,-2.9011235341713397
District of Columbia,DC,2020,9785775.0,11028403.0,-1242628.0,-11.267524409472523
District of Columbia,DC,2021,10083372.0,9785775.0,297597.0,3.041118358024786
District of Columbia,DC,2022,10241534.0,10083372.0,158162.0,1.5685427454228604
District of Columbia,DC,2023,9879714.0,10241534.0,-361820.0,-3.532869197133945
District of Columbia,DC,2024,10142914.99,9879714.0,263200.9900000002,2.6640547489532613
Florida,FL,2001,200752133.0,,,
Florida,FL,2002,210473530.0,200752133.0,9721397.0,4.842487526645607
Florida,FL,2003,217378622.0,210473530.0,6905092.0,3.2807412884651104
Florida,FL,2004,218584494.0,217378622.0,1205872.0,0.554733482485688
Florida,FL,2005,224977011.0,218584494.0,6392517.0,2.924506163735475
Florida,FL,2006,228219544.0,224977011.0,3242533.0,1.4412730374482574
Florida,FL,2007,231084600.0,228219544.0,2865056.0,1.2553946738233779
Florida,FL,2008,226172795.0,231084600.0,-4911805.0,-2.125544064814358
Florida,FL,2009,224750322.0,226172795.0,-1422473.0,-0.6289319632805528
Florida,FL,2010,231209613.99,224750322.0,6459291.99000001,2.8739856443898706
Florida,FL,2011,225090421.99,231209613.99,-6119192.0,-2.646599289017739
Florida,FL,2012,220674333.01999998,225090421.99,-4416088.970000029,-1.9619177621854653
Florida,FL,2013,221919513.98,220674333.01999998,1245180.9600000083,0.564261798352034
Florida,FL,2014,226078111.0,221919513.98,4158597.0200000107,1.8739212903894495
Florida,FL,2015,235599397.98000002,226078111.0,9521286.98000002,4.211503244557815
Florida,FL,2016,235721822.0,235599397.98000002,122424.01999998093,0.051962789824434724
Florida,FL,2017,233154549.0,235721822.0,-2567273.0,-1.0891113000136237
Florida,FL,2018,238565391.0,233154549.0,5410842.0,2.3207104571654744
Florida,FL,2019,240347955.04999998,238565391.0,1782564.0499999821,0.7472014454938194
Florida,FL,2020,242440170.99,240347955.04999998,2092215.9400000274,0.8704945875511112
Florida,FL,2021,241562082.01000002,242440170.99,-878088.9799999893,-0.362187906572714
Florida,FL,2022,248820803.01,241562082.01000002,7258720.99999997,3.004909106429824
Florida,FL,2023,250940214.0,248820803.01,2119410.9900000095,0.851782071419017
Florida,FL,2024,255095458.03,250940214.0,4155244.030000001,1.6558701229130224
Georgia,GA,2001,117790473.0,,,
Georgia,GA,2002,123789078.0,117790473.0,5998605.0,5.092606258572372
Georgia,GA,2003,123676657.0,123789078.0,-112421.0,-0.09081657430229831
Georgia,GA,2004,129465784.0,123676657.0,5789127.0,4.680856630851528
Georgia,GA,2005,132265451.99999999,129465784.0,2799667.999999985,2.1624771530368094
Georgia,GA,2006,134834168.0,132265451.99999999,2568716.000000015,1.9420914238436318
Georgia,GA,2007,137453878.0,134834168.0,2619710.0,1.9429125709441837
Georgia,GA,2008,135173514.0,137453878.0,-2280364.0,-1.6590030293652394
Georgia,GA,2009,130765504.99,135173514.0,-4408009.010000005,-3.261000531509453
Georgia,GA,2010,140671579.99,130765504.99,9906075.000000015,7.5754496575817605
Georgia,GA,2011,136371149.0,140671579.99,-4300430.99000001,-3.0570716489469416
Georgia,GA,2012,130978872.02,136371149.0,-5392276.980000004,-3.9541186090615135
Georgia,GA,2013,130497470.01,130978872.02,-481402.00999999046,-0.36754172835331955
Georgia,GA,2014,135789932.0,130497470.01,5292461.989999995,4.0556050547144205
Georgia,GA,2015,135878215.0,135789932.0,88283.0,0.06501439296692482
Georgia,GA,2016,138112239.0,135878215.0,2234024.0,1.6441369942930144
Georgia,GA,2017,133456620.0,138112239.0,-4655619.0,-3.3708953194220537
Georgia,GA,2018,139866073.98,133456620.0,6409453.979999989,4.802649714941071
Georgia,GA,2019,139300989.99,139866073.98,-565083.9899999797,-0.40401791079142135
Georgia,GA,2020,133470141.97999999,139300989.99,-5830848.01000002,-4.18579079044492
Georgia,GA,2021,137363952.04,133470141.97999999,3893810.0600000024,2.9173641402010912
Georgia,GA,2022,145035203.97,137363952.04,7671251.930000007,5.584617955492545
Georgia,GA,2023,142028831.01,145035203.97,-3006372.9600000083,-2.072857401311936
Georgia,GA,2024,150003964.99,142028831.01,7975133.980000019,5.6151514613525935
Hawaii,HI,2001,9784563.0,,,
Hawaii,HI,2002,9891638.0,9784563.0,107075.0,1.0943258273261667
Hawaii,HI,2003,10390836.0,9891638.0,499198.0,5.046666689581645
Hawaii,HI,2004,10731520.0,10390836.0,340684.0,3.278696728540418
Hawaii,HI,2005,10538910.0,10731520.0,-192610.0,-1.794806327528626
Hawaii,HI,2006,10567912.0,10538910.0,29002.0,0.2751897492245403
Hawaii,HI,2007,10585299.0,10567912.0,17387.0,0.1645263510899788
Hawaii,HI,2008,10390279.0,10585299.0,-195020.0,-1.842366474485038
Hawaii,HI,2009,10126185.0,10390279.0,-264094.0,-2.5417411794235747
Hawaii,HI,2010,10016509.0,10126185.0,-109676.0,-1.0830929910919067
Hawaii,HI,2011,9961653.0,10016509.0,-54856.0,-0.547655874916101
Hawaii,HI,2012,9639157.0,9961653.0,-322496.0,-3.237374359456207
Hawaii,HI,2013,9503164.0,9639157.0,-135993.0,-1.410839142883553
Hawaii,HI,2014,9475452.0,9503164.0,-27712.0,-0.2916081422987123
Hawaii,HI,2015,9511352.0,9475452.0,35900.0,0.3788737466033283
Hawaii,HI,2016,9445389.0,9511352.0,-65963.0,-0.6935186501351227
Hawaii,HI,2017,9324201.01,9445389.0,-121187.99000000022,-1.2830386339832083
Hawaii,HI,2018,9337161.0,9324201.01,12959.990000000224,0.13899303528635773
Hawaii,HI,2019,9452887.01,9337161.0,115726.00999999978,1.2394132434901763
Hawaii,HI,2020,8796760.99,9452887.01,-656126.0199999996,-6.941011981904559
Hawaii,HI,2021,8936482.0,8796760.99,139721.00999999978,1.5883233630973048
Hawaii,HI,2022,9039115.01,8936482.0,102633.00999999978,1.1484721840205103
Hawaii,HI,2023,8927252.01,9039115.01,-111863.0,-1.2375437183423998
Hawaii,HI,2024,8952134.01,8927252.01,24882.0,0.2787195877536339
Idaho,ID,2001,21096017.0,,,
Idaho,ID,2002,20699666.0,21096017.0,-396351.0,-1.8787954143192054
Idaho,ID,2003,21218685.0,20699666.0,519019.0,2.5073786214714766
Idaho,ID,2004,21808674.0,21218685.0,589989.0,2.780516323231152
Idaho,ID,2005,21852681.0,21808674.0,44007.0,0.20178668359204233
Idaho,ID,2006,22761749.0,21852681.0,909068.0,4.159983848206085
Idaho,ID,2007,23755186.0,22761749.0,993437.0,4.3645020424397085
Idaho,ID,2008,23901490.01,23755186.0,146304.01000000164,0.6158824014259523
Idaho,ID,2009,22753779.0,23901490.01,-1147711.0100000016,-4.80183875365016
Idaho,ID,2010,22797668.03,22753779.0,43889.03000000119,0.19288677278618727
Idaho,ID,2011,23271724.0,22797668.03,474055.9699999988,2.0794055311980904
Idaho,ID,2012,23711859.0,23271724.0,440135.0,1.8912866103087165
Idaho,ID,2013,24208056.0,23711859.0,496197.0,2.092611127621837
Idaho,ID,2014,23233284.009999998,24208056.0,-974771.9900000021,-4.026642990250857
Idaho,ID,2015,23058813.99,23233284.009999998,-174470.01999999955,-0.7509485956651876
Idaho,ID,2016,23062960.99,23058813.99,4147.0,0.017984446215657254
Idaho,ID,2017,23793789.990000002,23062960.99,730829.0000000037,3.168842891929133
Idaho,ID,2018,23753507.99,23793789.990000002,-40282.000000003725,-0.16929627443519232
Idaho,ID,2019,23985275.0,23753507.99,231767.01000000164,0.9757169766148788
Idaho,ID,2020,24461351.99,23985275.0,476076.98999999836,1.9848719266299775
Idaho,ID,2021,25285616.0,24461351.99,824264.0100000016,3.3696584323587984
Idaho,ID,2022,26201131.0,25285616.0,915515.0,3.6206948646218464
Idaho,ID,2023,25673977.0,26201131.0,-527154.0,-2.0119513161473828
Idaho,ID,2024,26369555.0,25673977.0,695578.0,2.709272505775011
Illinois,IL,2001,136033549.0,,,
Illinois,IL,2002,138447313.0,136033549.0,2413764.0,1.7743887575850867
Illinois,IL,2003,136247891.0,138447313.0,-2199422.0,-1.5886346598868264
Illinois,IL,2004,139253956.0,136247891.0,3006065.0,2.20632038994277
Illinois,IL,2005,144986215.0,139253956.0,5732259.0,4.116406574474624
Illinois,IL,2006,142447811.0,144986215.0,-2538404.0,-1.7507898940599282
Illinois,IL,2007,146055151.0,142447811.0,3607340.0,2.532394127137552
Illinois,IL,2008,144619914.0,146055151.0,-1435237.0,-0.9826678416839951
Illinois,IL,2009,136688466.0,144619914.0,-7931448.0,-5.484340144193419
Illinois,IL,2010,144760674.0,136688466.0,8072208.0,5.905551679832299
Illinois,IL,2011,142885567.01999998,144760674.0,-1875106.980000019,-1.2953151765513464
Illinois,IL,2012,143540004.0,142885567.01999998,654436.9800000191,0.45801475519806434
Illinois,IL,2013,141804888.01,143540004.0,-1735115.9900000095,-1.2088030804290695
Illinois,IL,2014,141540287.03,141804888.01,-264600.9799999893,-0.18659510522749384
Illinois,IL,2015,138619970.0,141540287.03,-2920317.030000001,-2.063240856210097
Illinois,IL,2016,141050408.99,138619970.0,2430438.9900000095,1.7533108613427124
Illinois,IL,2017,137196310.01,141050408.99,-3854098.980000019,-2.732426660509195
Illinois,IL,2018,142654808.01000002,137196310.01,5458498.00000003,3.9786040889891057
Illinois,IL,2019,138319480.99,142654808.01000002,-4335327.020000011,-3.0390332302687666
Illinois,IL,2020,132469277.0,138319480.99,-5850203.99000001,-4.229486655189921
Illinois,IL,2021,135688833.0,132469277.0,3219556.0,2.4304171298526827
Illinois,IL,2022,135871580.0,135688833.0,182747.0,0.1346809431252165
Illinois,IL,2023,130578217.03,135871580.0,-5293362.969999999,-3.895857375030156
Illinois,IL,2024,133226906.67,130578217.03,2648689.6400000006,2.028431464484977
Indiana,IN,2001,97733968.0,,,
Indiana,IN,2002,101428550.0,97733968.0,3694582.0,3.7802435280229285
Indiana,IN,2003,100467779.0,101428550.0,-960771.0,-0.9472392142054679
Indiana,IN,2004,103094263.0,100467779.0,2626484.0,2.614255063805083
Indiana,IN,2005,106548910.0,103094263.0,3454647.0,3.350959500045119
Indiana,IN,2006,105664484.0,106548910.0,-884426.0,-0.8300657416392153
Indiana,IN,2007,109420150.0,105664484.0,3755666.0,3.5543314629729323
Indiana,IN,2008,106980704.0,109420150.0,-2439446.0,-2.229430319735442
Indiana,IN,2009,99311813.02,106980704.0,-7668890.980000004,-7.168480570103562
Indiana,IN,2010,105994375.97,99311813.02,6682562.950000003,6.728870158330741
Indiana,IN,2011,105818138.97,105994375.97,-176237.0,-0.1662701425308462
Indiana,IN,2012,105173425.03,105818138.97,-644713.9399999976,-0.6092659975647251
Indiana,IN,2013,105487388.94999999,105173425.03,313963.9199999869,0.29852020119191786
Indiana,IN,2014,106942504.03,105487388.94999999,1455115.080000013,1.3794208904817273
Indiana,IN,2015,104514517.98,106942504.03,-2427986.049999997,-2.270365812005755
Indiana,IN,2016,103704820.99,104514517.98,-809696.9900000095,-0.7747220248912728
Indiana,IN,2017,98965968.0,103704820.99,-4738852.989999995,-4.569559008695411
Indiana,IN,2018,104194376.0,98965968.0,5228408.0,5.283036285766436
Indiana,IN,2019,102104203.03,104194376.0,-2090172.9699999988,-2.0060324273164216
Indiana,IN,2020,97155744.00999999,102104203.03,-4948459.020000011,-4.846479256633605
Indiana,IN,2021,99740045.99,97155744.00999999,2584301.980000004,2.6599579945926908
Indiana,IN,2022,100044364.96000001,99740045.99,304318.9700000137,0.30511212119405373
Indiana,IN,2023,95995350.00999999,100044364.96000001,-4049014.950000018,-4.047219402730883
Indiana,IN,2024,99219607.01,95995350.00999999,3224257.000000015,3.3587637314350527
Iowa,IA,2001,39443755.0,,,
Iowa,IA,2002,40897543.0,39443755.0,1453788.0,3.6857241406149086
Iowa,IA,2003,41207284.0,40897543.0,309741.0,0.7573584554945024
Iowa,IA,2004,40902773.0,41207284.0,-304511.0,-0.738973721247923
Iowa,IA,2005,42756808.0,40902773.0,1854035.0,4.5327855888890465
Iowa,IA,2006,43336835.0,42756808.0,580027.0,1.3565722679765992
Iowa,IA,2007,45269523.0,43336835.0,1932688.0,4.45968885360456
Iowa,IA,2008,45488069.98,45269523.0,218546.97999999672,0.48276846212847596
Iowa,IA,2009,43641194.99,45488069.98,-1846874.9899999946,-4.060130471158748
Iowa,IA,2010,45445269.010000005,43641194.99,1804074.0200000033,4.133878598909565
Iowa,IA,2011,45654877.01,45445269.010000005,209607.99999999255,0.4612317289922288
Iowa,IA,2012,45709099.96,45654877.01,54222.95000000298,0.11876704867286418
Iowa,IA,2013,46705215.940000005,45709099.96,996115.9800000042,2.179250916932743
Iowa,IA,2014,47201852.980000004,46705215.940000005,496637.0399999991,1.0633438471583248
Iowa,IA,2015,47147292.85,47201852.980000004,-54560.13000000268,-0.11558895796552832
Iowa,IA,2016,48431193.010000005,47147292.85,1283900.1600000039,2.723168356844488
Iowa,IA,2017,48921996.95,48431193.010000005,490803.9399999976,1.0134046045462004
Iowa,IA,2018,51210655.0,48921996.95,2288658.049999997,4.6781779009125195
Iowa,IA,2019,51043148.02,51210655.0,-167506.97999999672,-0.32709400026224367
Iowa,IA,2020,50639862.050000004,51043148.02,-403285.9699999988,-0.7900883578771065
Iowa,IA,2021,52893269.02,50639862.050000004,2253406.969999999,4.449867907963621
Iowa,IA,2022,54203954.989999995,52893269.02,1310685.9699999914,2.4779825378242264
Iowa,IA,2023,54400259.019999996,54203954.989999995,196304.0300000012,0.36215813040988803
Iowa,IA,2024,54930421.98,54400259.019999996,530162.9600000009,0.9745596244405547
Kansas,KS,2001,35846951.0,,,
Kansas,KS,2002,36713540.0,35846951.0,866589.0,2.4174692012160253
Kansas,KS,2003,36735390.0,36713540.0,21850.0,0.05951482749960913
Kansas,KS,2004,37126540.0,36735390.0,391150.0,1.0647770446972251
Kansas,KS,2005,39024283.0,37126540.0,1897743.0,5.1115536217487545
Kansas,KS,2006,39751302.0,39024283.0,727019.0,1.8629913072329862
Kansas,KS,2007,40165977.0,39751302.0,414675.0,1.0431733783210422
Kansas,KS,2008,39965061.07,40165977.0,-200915.9299999997,-0.5002142235952576
Kansas,KS,2009,38243343.99,39965061.07,-1721717.0799999982,-4.3080556713884635
Kansas,KS,2010,40420675.0,38243343.99,2177331.009999998,5.693359374037307
Kansas,KS,2011,40760398.97,40420675.0,339723.9699999988,0.8404707986692425
Kansas,KS,2012,40293475.99,40760398.97,-466922.9799999967,-1.1455309363965156
Kansas,KS,2013,39847397.07,40293475.99,-446078.9200000018,-1.107074803153516
Kansas,KS,2014,40561606.0,39847397.07,714208.9299999997,1.7923603108763855
Kansas,KS,2015,39849127.0,40561606.0,-712479.0,-1.7565354784029013
Kansas,KS,2016,40810173.99,39849127.0,961046.9900000021,2.4117140383025255
Kansas,KS,2017,40287786.98,40810173.99,-522387.01000000536,-1.2800411243725878
Kansas,KS,2018,42036979.04,40287786.98,1749192.0600000024,4.341742724335668
Kansas,KS,2019,41159627.98,42036979.04,-877351.0600000024,-2.0870935068030576
Kansas,KS,2020,39483945.99,41159627.98,-1675681.9899999946,-4.071178657917487
Kansas,KS,2021,40491786.04,39483945.99,1007840.049999997,2.552531224349385
Kansas,KS,2022,41961065.03,40491786.04,1469278.990000002,3.6285852852935854
Kansas,KS,2023,41052008.0,41961065.03,-909057.0300000012,-2.166429830487077
Kansas,KS,2024,41258210.04,41052008.0,206202.0399999991,0.5022946502397619
Kentucky,KY,2001,79975499.0,,,
Kentucky,KY,2002,87266835.0,79975499.0,7291336.0,9.116962183630765
Kentucky,KY,2003,85219631.0,87266835.0,-2047204.0,-2.3459129691136384
Kentucky,KY,2004,86521156.0,85219631.0,1301525.0,1.5272596052428342
Kentucky,KY,2005,89351466.0,86521156.0,2830310.0,3.27123460994904
Kentucky,KY,2006,88743435.0,89351466.0,-608031.0,-0.6804935914537765
Kentucky,KY,2007,92404100.0,88743435.0,3660665.0,4.124998091408114
Kentucky,KY,2008,93428413.98,92404100.0,1024313.9800000042,1.108515726033806
Kentucky,KY,2009,88896756.99,93428413.98,-4531656.99000001,-4.85040556395412
Kentucky,KY,2010,93569425.98,88896756.99,4672668.99000001,5.2562873474964205
Kentucky,KY,2011,89538341.0,93569425.98,-4031084.980000004,-4.30812195092618
Kentucky,KY,2012,89048489.98,89538341.0,-489851.0199999958,-0.5470852090055989
Kentucky,KY,2013,84763841.99,89048489.98,-4284647.99000001,-4.811589720344867
Kentucky,KY,2014,78838923.98,84763841.99,-5924918.00999999,-6.989912055542483
Kentucky,KY,2015,76038629.98,78838923.98,-2800294.0,-3.5519180864396165
Kentucky,KY,2016,74553575.0,76038629.98,-1485054.9800000042,-1.9530270079703034
Kentucky,KY,2017,72634386.97999999,74553575.0,-1919188.0200000107,-2.574240095126237
Kentucky,KY,2018,76610635.97,72634386.97999999,3976248.9900000095,5.474334065894817
Kentucky,KY,2019,75345382.0,76610635.97,-1265253.9699999988,-1.6515382674743235
Kentucky,KY,2020,71800399.00999999,75345382.0,-3544982.9900000095,-4.704977127861678
Kentucky,KY,2021,74516986.02,71800399.00999999,2716587.0100000054,3.78352634171525
Kentucky,KY,2022,75338741.99,74516986.02,821755.9699999988,1.1027767142641056
Kentucky,KY,2023,71223021.00999999,75338741.99,-4115720.980000004,-5.462954213578851
Kentucky,KY,2024,74405870.98,71223021.00999999,3182849.9700000137,4.468849993814681
Louisiana,LA,2001,74692751.0,,,
Louisiana,LA,2002,79260989.0,74692751.0,4568238.0,6.116039292755464
Louisiana,LA,2003,77769322.0,79260989.0,-1491667.0,-1.8819686945869423
Louisiana,LA,2004,79737112.0,77769322.0,1967790.0,2.530290800272118
Louisiana,LA,2005,77389170.0,79737112.0,-2347942.0,-2.9446037624237005
Louisiana,LA,2006,77467748.0,77389170.0,78578.0,0.1015361710172108
Louisiana,LA,2007,79566937.0,77467748.0,2099189.0,2.7097586469145845
Louisiana,LA,2008,78725773.99,79566937.0,-841163.0100000054,-1.0571765631747336
Louisiana,LA,2009,78669582.0,78725773.99,-56191.989999994636,-0.07137686573539731
Louisiana,LA,2010,85079691.98,78669582.0,6410109.980000004,8.148142925177872
Louisiana,LA,2011,86369081.00999999,85079691.98,1289389.0299999863,1.5155074025221997
Louisiana,LA,2012,84730743.0,86369081.00999999,-1638338.0099999905,-1.8969033719489274
Louisiana,LA,2013,85807932.0,84730743.0,1077189.0,1.2713083372820182
Louisiana,LA,2014,90628316.00999999,85807932.0,4820384.00999999,5.617643844394235
Louisiana,LA,2015,91676489.01,90628316.00999999,1048173.0000000149,1.1565623705116168
Louisiana,LA,2016,91452659.0,91676489.01,-223830.01000000536,-0.24415203114463746
Louisiana,LA,2017,91205935.0,91452659.0,-246724.0,-0.26978329848233285
Louisiana,LA,2018,94186072.01,91205935.0,2980137.0100000054,3.2674814528243203
Louisiana,LA,2019,93128525.00999999,94186072.01,-1057547.000000015,-1.122827375036653
Louisiana,LA,2020,89126685.01,93128525.00999999,-4001839.999999985,-4.29711519598348
Louisiana,LA,2021,90819346.00999999,89126685.01,1692660.999999985,1.899162972133507
Louisiana,LA,2022,95138997.99000001,90819346.00999999,4319651.980000019,4.756312580718637
Louisiana,LA,2023,95374457.01,95138997.99000001,235459.01999999583,0.24748948903660384
Louisiana,LA,2024,95356828.98,95374457.01,-17628.030000001192,-0.018482967612757046
Maine,ME,2001,12151997.0,,,
Maine,ME,2002,11441358.0,12151997.0,-710639.0,-5.847919481876106
Maine,ME,2003,11971837.0,11441358.0,530479.0,4.636503813620726
Maine,ME,2004,12367668.0,11971837.0,395831.0,3.30635139786818
Maine,ME,2005,12362879.0,12367668.0,-4789.0,-0.03872193205703776
Maine,ME,2006,12284768.0,12362879.0,-78111.0,-0.6318188506091502
Maine,ME,2007,11860202.0,12284768.0,-424566.0,-3.4560359625839085
Maine,ME,2008,11673673.0,11860202.0,-186529.0,-1.572730380140237
Maine,ME,2009,11282967.0,11673673.0,-390706.0,-3.3468986153715288
Maine,ME,2010,11531568.0,11282967.0,248601.0,2.2033300283515853
Maine,ME,2011,11415345.0,11531568.0,-116223.0,-1.007868140742005
Maine,ME,2012,11561059.0,11415345.0,145714.0,1.2764747802190823
Maine,ME,2013,11855047.0,11561059.0,293988.0,2.54291583495941
Maine,ME,2014,12002661.01,11855047.0,147614.00999999978,1.245157526579184
Maine,ME,2015,11888168.0,12002661.01,-114493.00999999978,-0.9538968892365626
Maine,ME,2016,11448951.0,11888168.0,-439217.0,-3.6945726204407605
Maine,ME,2017,11213674.0,11448951.0,-235277.0,-2.0550092318501494
Maine,ME,2018,12354819.0,11213674.0,1141145.0,10.176370384942526
Maine,ME,2019,11732040.0,12354819.0,-622779.0,-5.040778015444824
Maine,ME,2020,11346740.0,11732040.0,-385300.0,-3.28416882315437
Maine,ME,2021,11584674.0,11346740.0,237934.0,2.0969370938260683
Maine,ME,2022,11875708.0,11584674.0,291034.0,2.5122329726326353
Maine,ME,2023,11336029.99,11875708.0,-539678.0099999998,-4.544385985239783
Maine,ME,2024,11341591.0,11336029.99,5561.0099999997765,0.04905606288008573
Maryland,MD,2001,61640020.0,,,
Maryland,MD,2002,68379906.0,61640020.0,6739886.0,10.934269651437493
Maryland,MD,2003,71258583.0,68379906.0,2878677.0,4.209828834804189
Maryland,MD,2004,66891700.0,71258583.0,-4366883.0,-6.128220371712977
Maryland,MD,2005,68365385.0,66891700.0,1473685.0,2.2030909664427725
Maryland,MD,2006,63173143.0,68365385.0,-5192242.0,-7.59484057611904
Maryland,MD,2007,65390660.0,63173143.0,2217517.0,3.5102211077261107
Maryland,MD,2008,63325776.99,65390660.0,-2064883.009999998,-3.157764442200152
Maryland,MD,2009,62589143.0,63325776.99,-736633.9900000021,-1.1632450875673055
Maryland,MD,2010,65335498.0,62589143.0,2746355.0,4.387909577224919
Maryland,MD,2011,63599711.0,65335498.0,-1735787.0,-2.6567288122606794
Maryland,MD,2012,61813552.01,63599711.0,-1786158.990000002,-2.8084388465224346
Maryland,MD,2013,61899478.0,61813552.01,85925.99000000209,0.13900833588417835
Maryland,MD,2014,61683869.010000005,61899478.0,-215608.98999999464,-0.3483211764725942
Maryland,MD,2015,61781719.01,61683869.010000005,97849.99999999255,0.15863142434228533
Maryland,MD,2016,61353911.010000005,61781719.01,-427807.99999999255,-0.6924507877981632
Maryland,MD,2017,59303885.0,61353911.010000005,-2050026.0100000054,-3.341312682847348
Maryland,MD,2018,62086454.989999995,59303885.0,2782569.9899999946,4.692053463276469
Maryland,MD,2019,60720658.0,62086454.989999995,-1365796.9899999946,-2.1998308491280065
Maryland,MD,2020,57629040.01,60720658.0,-3091617.990000002,-5.091542305091624
Maryland,MD,2021,59303974.0,57629040.01,1674933.990000002,2.906406196787872
Maryland,MD,2022,59682719.019999996,59303974.0,378745.0199999958,0.6386503204658693
Maryland,MD,2023,57033085.010000005,59682719.019999996,-2649634.0099999905,-4.439533006383446
Maryland,MD,2024,59018688.0,57033085.010000005,1985602.9899999946,3.4814932238924916
Massachusetts,MA,2001,52496075.0,,,
Massachusetts,MA,2002,53707537.0,52496075.0,1211462.0,2.307719196149426
Massachusetts,MA,2003,55514357.0,53707537.0,1806820.0,3.364183317510911
Massachusetts,MA,2004,56142019.0,55514357.0,627662.0,1.130630045845618
Massachusetts,MA,2005,57227588.0,56142019.0,1085569.0,1.933612326980973
Massachusetts,MA,2006,55850090.0,57227588.0,-1377498.0,-2.4070523468506133
Massachusetts,MA,2007,57138822.0,55850090.0,1288732.0,2.307484195638718
Massachusetts,MA,2008,55884104.99,57138822.0,-1254717.009999998,-2.19590983167276
Massachusetts,MA,2009,54359198.0,55884104.99,-1524906.990000002,-2.728695378181097
Massachusetts,MA,2010,57123422.0,54359198.0,2764224.0,5.08510813570134
Massachusetts,MA,2011,55569912.0,57123422.0,-1553510.0,-2.7195674656885926
Massachusetts,MA,2012,55313324.01,55569912.0,-256587.9900000021,-0.4617390612387547
Massachusetts,MA,2013,55265074.02,55313324.01,-48249.989999994636,-0.08723032083783576
Massachusetts,MA,2014,54469292.0,55265074.02,-795782.0200000033,-1.439936585829987
Massachusetts,MA,2015,54621088.01,54469292.0,151796.0099999979,0.27868181213003085
Massachusetts,MA,2016,53475888.0,54621088.01,-1145200.009999998,-2.0966261415194354
Massachusetts,MA,2017,52513321.01,53475888.0,-962566.9900000021,-1.8000018812216867
Massachusetts,MA,2018,53285029.03,52513321.01,771708.0200000033,1.4695471647147371
Massachusetts,MA,2019,51336597.99,53285029.03,-1948431.039999999,-3.6566200215505424
Massachusetts,MA,2020,50009341.04,51336597.99,-1327256.950000003,-2.5854010627243804
Massachusetts,MA,2021,50798387.99,50009341.04,789046.950000003,1.577799134303496
Massachusetts,MA,2022,50983440.01,50798387.99,185052.01999999583,0.3642871896573264
Massachusetts,MA,2023,50011963.989999995,50983440.01,-971476.0200000033,-1.905473659308701
Massachusetts,MA,2024,49418574.98,50011963.989999995,-593389.0099999979,-1.1864941159252362
Michigan,MI,2001,102409347.0,,,
Michigan,MI,2002,104713520.0,102409347.0,2304173.0,2.249963570219816
Michigan,MI,2003,108877193.0,104713520.0,4163673.0,3.976251586232609
Michigan,MI,2004,106606040.0,108877193.0,-2271153.0,-2.085976812425721
Michigan,MI,2005,110444563.0,106606040.0,3838523.0,3.600661838672556
Michigan,MI,2006,108017697.0,110444563.0,-2426866.0,-2.197361222752088
Michigan,MI,2007,109296749.0,108017697.0,1279052.0,1.1841133772737258
Michigan,MI,2008,105781271.00999999,109296749.0,-3515477.9900000095,-3.2164524765507982
Michigan,MI,2009,98121014.0,105781271.00999999,-7660257.00999999,-7.24160046183963
Michigan,MI,2010,103649219.03999999,98121014.0,5528205.039999992,5.634068396398749
Michigan,MI,2011,105053558.0,103649219.03999999,1404338.9600000083,1.3548958429277216
Michigan,MI,2012,104818190.95,105053558.0,-235367.04999999702,-0.22404481531220202
Michigan,MI,2013,103038305.00999999,104818190.95,-1779885.9400000125,-1.6980696994179638
Michigan,MI,2014,103314098.01,103038305.00999999,275793.0000000149,0.26766065297099834
Michigan,MI,2015,102479920.97000001,103314098.01,-834177.0399999917,-0.807418402781051
Michigan,MI,2016,104467813.01,102479920.97000001,1987892.0399999917,1.9397868589125158
Michigan,MI,2017,101899092.99000001,104467813.01,-2568720.019999996,-2.458862635282802
Michigan,MI,2018,104869496.02000001,101899092.99000001,2970403.030000001,2.9150436405665605
Michigan,MI,2019,101249292.98,104869496.02000001,-3620203.0400000066,-3.452103020796043
Michigan,MI,2020,97011905.8,101249292.98,-4237387.180000007,-4.185102982237147
Michigan,MI,2021,99813280.97000001,97011905.8,2801375.1700000167,2.8876612070433283
Michigan,MI,2022,100639262.02,99813280.97000001,825981.0499999821,0.8275261988915481
Michigan,MI,2023,97588690.01,100639262.02,-3050572.0099999905,-3.0311947333176508
Michigan,MI,2024,98991014.0,97588690.01,1402323.9899999946,1.4369738848388036
Minnesota,MN,2001,60686852.0,,,
Minnesota,MN,2002,62162361.0,60686852.0,1475509.0,2.4313487211364992
Minnesota,MN,2003,63087339.0,62162361.0,924978.0,1.4880033272867483
Minnesota,MN,2004,63340315.0,63087339.0,252976.0,0.4009932959765508
Minnesota,MN,2005,66019053.0,63340315.0,2678738.0,4.229120110943559
Minnesota,MN,2006,66769931.0,66019053.0,750878.0,1.1373656026238366
Minnesota,MN,2007,68231182.0,66769931.0,1461251.0,2.1884866108368453
Minnesota,MN,2008,68794137.98,68231182.0,562955.9800000042,0.8250714167607476
Minnesota,MN,2009,64004463.0,68794137.98,-4789674.980000004,-6.962330106371084
Minnesota,MN,2010,67799706.06,64004463.0,3795243.0600000024,5.929653780549651
Minnesota,MN,2011,68532708.0,67799706.06,733001.9399999976,1.0811284924322837
Minnesota,MN,2012,67988534.89,68532708.0,-544173.1099999994,-0.7940341566540745
Minnesota,MN,2013,68644102.97999999,67988534.89,655568.0899999887,0.9642332947174774
Minnesota,MN,2014,68719367.02000001,68644102.97999999,75264.04000002146,0.10964385392573377
Minnesota,MN,2015,66579233.87,68719367.02000001,-2140133.1500000134,-3.1143085898581564
Minnesota,MN,2016,66546491.980000004,66579233.87,-32741.889999993145,-0.04917733067329023
Minnesota,MN,2017,67152579.97,66546491.980000004,606087.9899999946,0.9107737642761836
Minnesota,MN,2018,68708381.99,67152579.97,1555802.0199999958,2.31681645097633
Minnesota,MN,2019,66965594.0,68708381.99,-1742787.9899999946,-2.536499826547574
Minnesota,MN,2020,64054606.019999996,66965594.0,-2910987.980000004,-4.346990456024334
Minnesota,MN,2021,66589167.96999999,64054606.019999996,2534561.9499999955,3.9568769640213235
Minnesota,MN,2022,66635430.02,66589167.96999999,46262.05000001192,0.06947383697729048
Minnesota,MN,2023,66215800.050000004,66635430.02,-419629.9699999988,-0.6297400194972116
Minnesota,MN,2024,64562107.980000004,66215800.050000004,-1653692.0700000003,-2.497428210111916
Mississippi,MS,2001,44286865.0,,,
Mississippi,MS,2002,45451850.0,44286865.0,1164985.0,2.630542938634288
Mississippi,MS,2003,45543881.0,45451850.0,92031.0,0.20248020707627962
Mississippi,MS,2004,46032538.0,45543881.0,488657.0,1.0729366695824627
Mississippi,MS,2005,45901064.0,46032538.0,-131474.0,-0.28561101714617604
Mississippi,MS,2006,46936437.0,45901064.0,1035373.0,2.2556623088301397
Mississippi,MS,2007,48153181.0,46936437.0,1216744.0,2.5923228897839006
Mississippi,MS,2008,47721235.01,48153181.0,-431945.9900000021,-0.8970248299899484
Mississippi,MS,2009,46049154.0,47721235.01,-1672081.009999998,-3.5038510835891254
Mississippi,MS,2010,49687166.0,46049154.0,3638012.0,7.900279774955258
Mississippi,MS,2011,49337557.0,49687166.0,-349609.0,-0.703620327228967
Mississippi,MS,2012,48387675.0,49337557.0,-949882.0,-1.9252716546139483
Mississippi,MS,2013,48781990.0,48387675.0,394315.0,0.814907928516921
Mississippi,MS,2014,49408630.980000004,48781990.0,626640.9800000042,1.2845744505298047
Mississippi,MS,2015,48691529.02,49408630.980000004,-717101.9600000009,-1.451369822997676
Mississippi,MS,2016,49050163.99,48691529.02,358634.9699999988,0.7365448923419304
Mississippi,MS,2017,47828787.0,49050163.99,-1221376.990000002,-2.4900568940992893
Mississippi,MS,2018,50390067.98,47828787.0,2561280.9799999967,5.355103360660174
Mississippi,MS,2019,48951026.0,50390067.98,-1439041.9799999967,-2.8558047998092753
Mississippi,MS,2020,46482039.980000004,48951026.0,-2468986.019999996,-5.043788091387494
Mississippi,MS,2021,48015363.989999995,46482039.980000004,1533324.0099999905,3.2987450866178407
Mississippi,MS,2022,48979533.0,48015363.989999995,964169.0100000054,2.0080426969184484
Mississippi,MS,2023,48421762.01,48979533.0,-557770.9900000021,-1.1387838058807176
Mississippi,MS,2024,48684612.01,48421762.01,262850.0,0.5428344386677142
Missouri,MO,2001,73213157.0,,,
Missouri,MO,2002,75000629.0,73213157.0,1787472.0,2.441462809751531
Missouri,MO,2003,74239888.0,75000629.0,-760741.0,-1.0143128266297607
Missouri,MO,2004,74054296.0,74239888.0,-185592.0,-0.24998960127741574
Missouri,MO,2005,80940494.0,74054296.0,6886198.0,9.298850130180158
Missouri,MO,2006,82015230.0,80940494.0,1074736.0,1.3278100328866291
Missouri,MO,2007,85532850.0,82015230.0,3517620.0,4.288983887504797
Missouri,MO,2008,84381675.99000001,85532850.0,-1151174.0099999905,-1.3458852475978418
Missouri,MO,2009,79897300.02,84381675.99000001,-4484375.970000014,-5.314395474358026
Missouri,MO,2010,86085116.97,79897300.02,6187816.950000003,7.7447134614699875
Missouri,MO,2011,84254841.01,86085116.97,-1830275.9599999934,-2.1261235674894077
Missouri,MO,2012,82435358.98,84254841.01,-1819482.0300000012,-2.159498502624972
Missouri,MO,2013,83406957.01,82435358.98,971598.0300000012,1.1786180614992223
Missouri,MO,2014,83878396.92,83406957.01,471439.9099999964,0.5652285215770113
Missouri,MO,2015,81504081.0,83878396.92,-2374315.920000002,-2.8306643989208964
Missouri,MO,2016,78618055.97,81504081.0,-2886025.030000001,-3.5409576975660904
Missouri,MO,2017,76461419.02,78618055.97,-2156636.950000003,-2.743182750312419
Missouri,MO,2018,82055835.0,76461419.02,5594415.980000004,7.316652047141152
Missouri,MO,2019,78857774.99000001,82055835.0,-3198060.0099999905,-3.897419373040309
Missouri,MO,2020,75725711.97,78857774.99000001,-3132063.0200000107,-3.971787208550063
Missouri,MO,2021,77763041.01,75725711.97,2037329.0400000066,2.690405922901231
Missouri,MO,2022,80306260.02,77763041.01,2543219.0099999905,3.2704726782391944
Missouri,MO,2023,76975799.01,80306260.02,-3330461.0099999905,-4.147199744043055
Missouri,MO,2024,77776034.0,76975799.01,800234.9899999946,1.0395929633624659
Montana,MT,2001,11446658.0,,,
Montana,MT,2002,12831388.0,11446658.0,1384730.0,12.097242706124355
Montana,MT,2003,12824660.0,12831388.0,-6728.0,-0.05243392219142621
Montana,MT,2004,12956782.0,12824660.0,132122.0,1.0302183449697693
Montana,MT,2005,13478838.0,12956782.0,522056.0,4.029210339419155
Montana,MT,2006,13814980.0,13478838.0,336142.0,2.4938499891459487
Montana,MT,2007,15531985.0,13814980.0,1717005.0,12.42857391034949
Montana,MT,2008,15326399.99,15531985.0,-205585.00999999978,-1.3236235420005864
Montana,MT,2009,14353775.0,15326399.99,-972624.9900000002,-6.3460759906736595
Montana,MT,2010,13771453.01,14353775.0,-582321.9900000002,-4.056925721630723
Montana,MT,2011,13788081.0,13771453.01,16627.990000000224,0.12074245170735419
Montana,MT,2012,13863382.98,13788081.0,75301.98000000045,0.5461382189443219
Montana,MT,2013,14045173.98,13863382.98,181791.0,1.3113033107594347
Montana,MT,2014,14102391.99,14045173.98,57218.00999999978,0.407385555219728
Montana,MT,2015,14206911.0,14102391.99,104519.00999999978,0.7411438433573124
Montana,MT,2016,14100601.02,14206911.0,-106309.98000000045,-0.7482976419011877
Montana,MT,2017,14709656.02,14100601.02,609055.0,4.3193548922923855
Montana,MT,2018,14838844.99,14709656.02,129188.97000000067,0.8782596263593706
Montana,MT,2019,15321270.979999999,14838844.99,482425.98999999836,3.2511020252931315
Montana,MT,2020,14584179.0,15321270.979999999,-737091.9799999986,-4.810906229399505
Montana,MT,2021,14961561.0,14584179.0,377382.0,2.587612233777438
Montana,MT,2022,15583783.01,14961561.0,622222.0099999998,4.158804084680734
Montana,MT,2023,15504699.01,15583783.01,-79084.0,-0.5074762652255385
Montana,MT,2024,15567012.98,15504699.01,62313.97000000067,0.40190377097814217
Nebraska,NE,2001,24722640.0,,,
Nebraska,NE,2002,25661061.0,24722640.0,938421.0,3.795796080030288
Nebraska,NE,2003,25856566.0,25661061.0,195505.0,0.7618741875092382
Nebraska,NE,2004,25875930.0,25856566.0,19364.0,0.07489006854197111
Nebraska,NE,2005,26975944.0,25875930.0,1100014.0,4.251109042264375
Nebraska,NE,2006,27276292.0,26975944.0,300348.0,1.1133919910272647
Nebraska,NE,2007,28248400.0,27276292.0,972108.0,3.563930170567172
Nebraska,NE,2008,28821021.03,28248400.0,572621.0300000012,2.0270919060902606
Nebraska,NE,2009,28452194.0,28821021.03,-368827.0300000012,-1.2797153494877458
Nebraska,NE,2010,29849460.040000003,28452194.0,1397266.0400000028,4.91092546325251
Nebraska,NE,2011,29676084.02,29849460.040000003,-173376.02000000328,-0.5808346943886736
Nebraska,NE,2012,30827938.98,29676084.02,1151854.960000001,3.8814250533315513
Nebraska,NE,2013,30700605.0,30827938.98,-127333.98000000045,-0.41304733372740204
Nebraska,NE,2014,30222168.01,30700605.0,-478436.98999999836,-1.5583959664638478
Nebraska,NE,2015,29495072.919999998,30222168.01,-727095.0900000036,-2.405833657464349
Nebraska,NE,2016,30199354.04,29495072.919999998,704281.120000001,2.387792435401787
Nebraska,NE,2017,30359007.02,30199354.04,159652.98000000045,0.5286635594540698
Nebraska,NE,2018,30939492.01,30359007.02,580484.9900000021,1.9120684336532758
Nebraska,NE,2019,30383190.009999998,30939492.01,-556302.0000000037,-1.7980321067333636
Nebraska,NE,2020,31171536.02,30383190.009999998,788346.0100000016,2.594678207721223
Nebraska,NE,2021,32341170.02,31171536.02,1169634.0,3.7522501273262563
Nebraska,NE,2022,33844105.02,32341170.02,1502935.0000000037,4.647126245187105
Nebraska,NE,2023,33571199.01,33844105.02,-272906.01000000536,-0.8063620232791884
Nebraska,NE,2024,35191045.03,33571199.01,1619846.0200000033,4.825106245140344
Nevada,NV,2001,28167293.0,,,
Nevada,NV,2002,29204272.0,28167293.0,1036979.0,3.6815003841512213
Nevada,NV,2003,30131660.0,29204272.0,927388.0,3.1755217181924618
Nevada,NV,2004,31312306.0,30131660.0,1180646.0,3.9182905953405816
Nevada,NV,2005,32500630.0,31312306.0,1188324.0,3.795070219357207
Nevada,NV,2006,34586260.0,32500630.0,2085630.0,6.417198681994781
Nevada,NV,2007,35643402.0,34586260.0,1057142.0,3.0565374804908076
Nevada,NV,2008,35192496.0,35643402.0,-450906.0,-1.2650475956251315
Nevada,NV,2009,34283653.99,35192496.0,-908842.0099999979,-2.5824880679108353
Nevada,NV,2010,33772595.0,34283653.99,-511058.9900000021,-1.4906782986115479
Nevada,NV,2011,33916479.0,33772595.0,143884.0,0.426037738586567
Nevada,NV,2012,35179918.01,33916479.0,1263439.009999998,3.725147914086241
Nevada,NV,2013,35211215.01,35179918.01,31297.0,0.0889626860162202
Nevada,NV,2014,35075606.010000005,35211215.01,-135608.99999999255,-0.38513013527502404
Nevada,NV,2015,36019690.0,35075606.010000005,944083.9899999946,2.6915685782615917
Nevada,NV,2016,36144630.0,36019690.0,124940.0,0.34686583921183106
Nevada,NV,2017,36657786.0,36144630.0,513156.0,1.4197295697867152
Nevada,NV,2018,37780263.010000005,36657786.0,1122477.0100000054,3.0620425630724273
Nevada,NV,2019,36982386.010000005,37780263.010000005,-797877.0,-2.111888421181216
Nevada,NV,2020,38233899.01,36982386.010000005,1251512.9999999925,3.384078570975882
Nevada,NV,2021,39032042.0,38233899.01,798142.9900000021,2.087527065422361
Nevada,NV,2022,39320007.0,39032042.0,287965.0,0.7377656541771501
Nevada,NV,2023,38249355.01,39320007.0,-1070651.990000002,-2.722919123590192
Nevada,NV,2024,40664639.01,38249355.01,2415284.0,6.314574453264749
New Hampshire,NH,2001,10315551.0,,,
New Hampshire,NH,2002,10383387.0,10315551.0,67836.0,0.6576090797282665
New Hampshire,NH,2003,10972542.0,10383387.0,589155.0,5.67401561744737
New Hampshire,NH,2004,10973309.0,10972542.0,767.0,0.00699017602302183
New Hampshire,NH,2005,11244628.0,10973309.0,271319.0,2.4725358595114746
New Hampshire,NH,2006,11094343.0,11244628.0,-150285.0,-1.3365048625886067
New Hampshire,NH,2007,11235856.0,11094343.0,141513.0,1.2755419586360364
New Hampshire,NH,2008,10977289.0,11235856.0,-258567.0,-2.3012665879662397
New Hampshire,NH,2009,10698493.0,10977289.0,-278796.0,-2.539752756805437
New Hampshire,NH,2010,10890074.0,10698493.0,191581.0,1.7907288437726696
New Hampshire,NH,2011,10868606.99,10890074.0,-21467.009999999776,-0.1971245558110971
New Hampshire,NH,2012,10870261.0,10868606.99,1654.0099999997765,0.015218233592599308
New Hampshire,NH,2013,11043275.99,10870261.0,173014.99000000022,1.5916360241948213
New Hampshire,NH,2014,10944081.0,11043275.99,-99194.99000000022,-0.8982388024153711
New Hampshire,NH,2015,10999149.0,10944081.0,55068.0,0.5031761003961868
New Hampshire,NH,2016,10904955.99,10999149.0,-94193.00999999978,-0.8563663425234059
New Hampshire,NH,2017,10787260.99,10904955.99,-117695.0,-1.0792799173873604
New Hampshire,NH,2018,11046283.99,10787260.99,259023.0,2.4011934098944985
New Hampshire,NH,2019,10711657.010000002,11046283.99,-334626.9799999986,-3.0293171921247932
New Hampshire,NH,2020,10693529.01,10711657.010000002,-18128.000000001863,-0.16923618804334606
New Hampshire,NH,2021,10867267.99,10693529.01,173738.98000000045,1.6247113542922016
New Hampshire,NH,2022,10818130.0,10867267.99,-49137.99000000022,-0.45216507079071505
New Hampshire,NH,2023,10631312.98,10818130.0,-186817.01999999955,-1.7268882884565036
New Hampshire,NH,2024,10913961.0,10631312.98,282648.01999999955,2.6586369955595037
New Jersey,NJ,2001,73177390.0,,,
New Jersey,NJ,2002,74602620.0,73177390.0,1425230.0,1.9476371048489156
New Jersey,NJ,2003,76382512.0,74602620.0,1779892.0,2.38583041721591
New Jersey,NJ,2004,77593167.0,76382512.0,1210655.0,1.5849897683385956
New Jersey,NJ,2005,81896813.0,77593167.0,4303646.0,5.546423952511179
New Jersey,NJ,2006,79680947.0,81896813.0,-2215866.0,-2.7056803785514827
New Jersey,NJ,2007,81934334.0,79680947.0,2253387.0,2.8280123226949097
New Jersey,NJ,2008,80519543.0,81934334.0,-1414791.0,-1.7267376579884082
New Jersey,NJ,2009,75779853.0,80519543.0,-4739690.0,-5.886384625903801
New Jersey,NJ,2010,79179427.01,75779853.0,3399574.0100000054,4.48611850698629
New Jersey,NJ,2011,76859762.01,79179427.01,-2319665.0,-2.9296309503566333
New Jersey,NJ,2012,75052913.99,76859762.01,-1806848.0200000107,-2.350837385841667
New Jersey,NJ,2013,74642399.0,75052913.99,-410514.98999999464,-0.5469674236162122
New Jersey,NJ,2014,73866078.00999999,74642399.0,-776320.9900000095,-1.040053642970411
New Jersey,NJ,2015,75489623.00999999,73866078.00999999,1623545.0,2.1979574978655347
New Jersey,NJ,2016,75359370.99,75489623.00999999,-130252.01999999583,-0.17254294670771048
New Jersey,NJ,2017,73382940.0,75359370.99,-1976430.9899999946,-2.622674478350227
New Jersey,NJ,2018,76016762.0,73382940.0,2633822.0,3.589147559364615
New Jersey,NJ,2019,73916703.97,76016762.0,-2100058.030000001,-2.76262494579814
New Jersey,NJ,2020,71998220.99,73916703.97,-1918482.9800000042,-2.5954660813591524
New Jersey,NJ,2021,73070465.99,71998220.99,1072245.0,1.4892659641533734
New Jersey,NJ,2022,74442735.0,73070465.99,1372269.0100000054,1.8780077441791685
New Jersey,NJ,2023,71096939.01,74442735.0,-3345795.9899999946,-4.4944560271730944
New Jersey,NJ,2024,73531424.0,71096939.01,2434484.9899999946,3.4241769391191044
New Mexico,NM,2001,18726594.0,,,
New Mexico,NM,2002,19206917.0,18726594.0,480323.0,2.5649245132350282
New Mexico,NM,2003,19330491.0,19206917.0,123574.0,0.6433827979784574
New Mexico,NM,2004,19845735.0,19330491.0,515244.0,2.665447039084522
New Mexico,NM,2005,20638951.0,19845735.0,793216.0,3.9969091595750927
New Mexico,NM,2006,21434957.0,20638951.0,796006.0,3.8568142344056153
New Mexico,NM,2007,22267394.0,21434957.0,832437.0,3.883548728369271
New Mexico,NM,2008,22038108.0,22267394.0,-229286.0,-1.0296939102977205
New Mexico,NM,2009,21647136.009999998,22038108.0,-390971.9900000021,-1.7740723931473703
New Mexico,NM,2010,22428344.01,21647136.009999998,781208.0000000037,3.6088284364228183
New Mexico,NM,2011,23041665.01,22428344.01,613321.0,2.734579957069242
New Mexico,NM,2012,23178568.0,23041665.01,136902.98999999836,0.5941540680353739
New Mexico,NM,2013,23065026.0,23178568.0,-113542.0,-0.48985769957833464
New Mexico,NM,2014,23115222.0,23065026.0,50196.0,0.21762819604018657
New Mexico,NM,2015,23093553.009999998,23115222.0,-21668.990000002086,-0.09374337828121264
New Mexico,NM,2016,23039547.009999998,23093553.009999998,-54006.0,-0.23385747518631828
New Mexico,NM,2017,23009583.99,23039547.009999998,-29963.019999999553,-0.1300503867849247
New Mexico,NM,2018,24048610.990000002,23009583.99,1039027.0000000037,4.51562705545466
New Mexico,NM,2019,24880134.0,24048610.990000002,831523.0099999979,3.4576758314472524
New Mexico,NM,2020,24777155.009999998,24880134.0,-102978.99000000209,-0.4139004637193758
New Mexico,NM,2021,25393742.99,24777155.009999998,616587.9800000004,2.488534215292866
New Mexico,NM,2022,27156177.98,25393742.99,1762434.990000002,6.940430131525098
New Mexico,NM,2023,28347490.03,27156177.98,1191312.0500000007,4.3868914501789575
New Mexico,NM,2024,30296354.009999998,28347490.03,1948863.9799999967,6.874908423770584
New York,NY,2001,144180760.0,,,
New York,NY,2002,147440116.0,144180760.0,3259356.0,2.260603980725306
New York,NY,2003,144044703.0,147440116.0,-3395413.0,-2.3029098810529964
New York,NY,2004,145081709.0,144044703.0,1037006.0,0.7199195655254328
New York,NY,2005,150147571.0,145081709.0,5065862.0,3.4917303048863313
New York,NY,2006,142238019.0,150147571.0,-7909552.0,-5.267852118633341
New York,NY,2007,148177523.0,142238019.0,5939504.0,4.175749944886395
New York,NY,2008,144052936.0,148177523.0,-4124587.0,-2.783544303139687
New York,NY,2009,140034397.0,144052936.0,-4018539.0,-2.789626585604614
New York,NY,2010,144623573.02,140034397.0,4589176.020000011,3.2771776922779985
New York,NY,2011,144046609.02,144623573.02,-576964.0,-0.39894187921924146
New York,NY,2012,143162668.01,144046609.02,-883941.0100000203,-0.613649301440543
New York,NY,2013,147895127.0,143162668.01,4732458.99000001,3.3056515750806237
New York,NY,2014,147371912.99,147895127.0,-523214.00999999046,-0.35377366422626655
New York,NY,2015,148913655.06,147371912.99,1541742.0699999928,1.0461573299279956
New York,NY,2016,147803038.01,148913655.06,-1110617.050000012,-0.7458127661647445
New York,NY,2017,144992433.02,147803038.01,-2810604.9899999797,-1.9015881052524923
New York,NY,2018,149929851.0,144992433.02,4937417.979999989,3.4052935571602765
New York,NY,2019,145600345.01,149929851.0,-4329505.99000001,-2.887687782735147
New York,NY,2020,140406631.98999998,145600345.01,-5193713.020000011,-3.5671021381462396
New York,NY,2021,141423778.16,140406631.98999998,1017146.1700000167,0.724428864636864
New York,NY,2022,143210516.98,141423778.16,1786738.8199999928,1.2633934994853293
New York,NY,2023,139421935.98000002,143210516.98,-3788580.99999997,-2.6454628332422425
New York,NY,2024,140497500.99,139421935.98000002,1075565.0099999905,0.7714460442969889
North Carolina,NC,2001,119026943.0,,,
North Carolina,NC,2002,122686468.0,119026943.0,3659525.0,3.074534981546153
North Carolina,NC,2003,121335121.0,122686468.0,-1351347.0,-1.1014637734945634
North Carolina,NC,2004,125656807.0,121335121.0,4321686.0,3.5617766433842353
North Carolina,NC,2005,128335377.0,125656807.0,2678570.0,2.131655310961387
North Carolina,NC,2006,126698979.0,128335377.0,-1636398.0,-1.2750950192011359
North Carolina,NC,2007,131880753.99999999,126698979.0,5181774.999999985,4.089831694697386
North Carolina,NC,2008,130069257.01,131880753.99999999,-1811496.9899999797,-1.3735870739713696
North Carolina,NC,2009,127657979.02,130069257.01,-2411277.9900000095,-1.8538415959542425
North Carolina,NC,2010,136414947.01999998,127657979.02,8756967.999999985,6.859710663779224
North Carolina,NC,2011,131084933.02,136414947.01999998,-5330013.999999985,-3.9072067368237478
North Carolina,NC,2012,128084893.0,131084933.02,-3000040.019999996,-2.2886230712283853
North Carolina,NC,2013,129779905.03,128084893.0,1695012.0300000012,1.32335046725612
North Carolina,NC,2014,133132775.96,129779905.03,3352870.9299999923,2.583505458125386
North Carolina,NC,2015,133847522.99,133132775.96,714747.0300000012,0.5368678184962871
North Carolina,NC,2016,134404318.99,133847522.99,556796.0000000149,0.41599275620633946
North Carolina,NC,2017,131421318.98,134404318.99,-2983000.0100000054,-2.219422733150374
North Carolina,NC,2018,138287404.0,131421318.98,6866085.019999996,5.224483419653468
North Carolina,NC,2019,136435531.01000002,138287404.0,-1851872.9899999797,-1.339147989212365
North Carolina,NC,2020,130390979.99000001,136435531.01000002,-6044551.020000011,-4.430334953991549
North Carolina,NC,2021,135693077.01000002,130390979.99000001,5302097.020000011,4.066306596059514
North Carolina,NC,2022,139206761.04000002,135693077.01000002,3513684.030000001,2.5894350009772844
North Carolina,NC,2023,133091107.97000001,139206761.04000002,-6115653.070000008,-4.393215548088731
North Carolina,NC,2024,136904525.97,133091107.97000001,3813417.999999985,2.86526880583154
North Dakota,ND,2001,9809757.0,,,
North Dakota,ND,2002,10219353.0,9809757.0,409596.0,4.17539394706719
North Dakota,ND,2003,10461108.0,10219353.0,241755.0,2.36565856957872
North Dakota,ND,2004,10516400.0,10461108.0,55292.0,0.528548218792885
North Dakota,ND,2005,10839990.0,10516400.0,323590.0,3.077003537332167
North Dakota,ND,2006,11245238.0,10839990.0,405248.0,3.7384536332598093
North Dakota,ND,2007,11905695.0,11245238.0,660457.0,5.873214955521617
North Dakota,ND,2008,12416074.01,11905695.0,510379.0099999998,4.286847680878771
North Dakota,ND,2009,12648579.99,12416074.01,232505.98000000045,1.8726207641218822
North Dakota,ND,2010,12956263.01,12648579.99,307683.01999999955,2.4325499008051064
North Dakota,ND,2011,13737015.99,12956263.01,780752.9800000004,6.026066153468742
North Dakota,ND,2012,14716955.98,13737015.99,979939.9900000002,7.133572463723981
North Dakota,ND,2013,16032966.99,14716955.98,1316011.0099999998,8.942141376167925
North Dakota,ND,2014,18239732.009999998,16032966.99,2206765.0199999977,13.763921683219268
North Dakota,ND,2015,18128947.990000002,18239732.009999998,-110784.01999999583,-0.6073774545550236
North Dakota,ND,2016,18520187.99,18128947.990000002,391239.9999999963,2.1580954405948196
North Dakota,ND,2017,20140425.99,18520187.99,1620238.0,8.748496510266795
North Dakota,ND,2018,20669505.990000002,20140425.99,529080.0000000037,2.6269553596468085
North Dakota,ND,2019,21559255.01,20669505.990000002,889749.0199999996,4.304645792843158
North Dakota,ND,2020,21819451.990000002,21559255.01,260196.98000000045,1.2068922598638554
North Dakota,ND,2021,22863106.990000002,21819451.990000002,1043655.0,4.783140293708174
North Dakota,ND,2022,25392877.0,22863106.990000002,2529770.009999998,11.064856631718879
North Dakota,ND,2023,28202179.0,25392877.0,2809302.0,11.063346622755665
North Dakota,ND,2024,29769698.0,28202179.0,1567519.0,5.558148538806168
Ohio,OH,2001,155797714.0,,,
Ohio,OH,2002,153407098.0,155797714.0,-2390616.0,-1.5344358647008132
Ohio,OH,2003,152189238.0,153407098.0,-1217860.0,-0.793874609374333
Ohio,OH,2004,154221114.0,152189238.0,2031876.0,1.3350983464415533
Ohio,OH,2005,160176303.0,154221114.0,5955189.0,3.8614615376205883
Ohio,OH,2006,153428844.0,160176303.0,-6747459.0,-4.2125201254020705
Ohio,OH,2007,161770827.0,153428844.0,8341983.0,5.437036988951047
Ohio,OH,2008,159388807.01,161770827.0,-2382019.9900000095,-1.472465730795831
Ohio,OH,2009,146299793.01,159388807.01,-13089014.0,-8.212003242598334
Ohio,OH,2010,154145417.94000003,146299793.01,7845624.930000037,5.362704053493615
Ohio,OH,2011,154746310.02,154145417.94000003,600892.0799999833,0.38982156461755885
Ohio,OH,2012,152456864.02,154746310.02,-2289446.0,-1.4794834201242688
Ohio,OH,2013,150307018.03,152456864.02,-2149845.9900000095,-1.4101339443253815
Ohio,OH,2014,150679713.01000002,150307018.03,372694.9800000191,0.2479558073100967
Ohio,OH,2015,149213223.96,150679713.01000002,-1466489.050000012,-0.9732491658665999
Ohio,OH,2016,150597796.04,149213223.96,1384572.0799999833,0.9279151292724225
Ohio,OH,2017,146643831.02,150597796.04,-3953965.019999981,-2.6255132040244304
Ohio,OH,2018,152915166.98000002,146643831.02,6271335.960000008,4.276576734513089
Ohio,OH,2019,148521920.04999998,152915166.98000002,-4393246.930000037,-2.8729961957106815
Ohio,OH,2020,142615199.02,148521920.04999998,-5906721.029999971,-3.9770028747349015
Ohio,OH,2021,147717864.95,142615199.02,5102665.929999977,3.5779257505957633
Ohio,OH,2022,149499782.99,147717864.95,1781918.0400000215,1.206298263654955
Ohio,OH,2023,146640983.05,149499782.99,-2858799.9399999976,-1.9122435383008025
Ohio,OH,2024,153707375.97,146640983.05,7066392.919999987,4.818839026461359
Oklahoma,OK,2001,49666725.0,,,
Oklahoma,OK,2002,49485466.0,49666725.0,-181259.0,-0.3649505780781801
Oklahoma,OK,2003,50428168.0,49485466.0,942702.0,1.9050078259341845
Oklahoma,OK,2004,50942042.0,50428168.0,513874.0,1.0190217499077103
Oklahoma,OK,2005,53707102.0,50942042.0,2765060.0,5.427854658829735
Oklahoma,OK,2006,54905314.0,53707102.0,1198212.0,2.231012203935338
Oklahoma,OK,2007,55193200.0,54905314.0,287886.0,0.5243317614029127
Oklahoma,OK,2008,56278866.06,55193200.0,1085666.0600000024,1.9670286557039678
Oklahoma,OK,2009,54544580.0,56278866.06,-1734286.0600000024,-3.081593822716765
Oklahoma,OK,2010,57845980.02,54544580.0,3301400.0200000033,6.052663747708761
Oklahoma,OK,2011,59846794.02,57845980.02,2000814.0,3.458864383157182
Oklahoma,OK,2012,59340624.02,59846794.02,-506170.0,-0.8457762997811458
Oklahoma,OK,2013,59929171.99,59340624.02,588547.9699999988,0.9918129101602238
Oklahoma,OK,2014,61573374.02,59929171.99,1644202.0300000012,2.743575416450537
Oklahoma,OK,2015,61336384.99,61573374.02,-236989.0300000012,-0.384888815615372
Oklahoma,OK,2016,61516554.0,61336384.99,180169.0099999979,0.2937392055781765
Oklahoma,OK,2017,60492127.99,61516554.0,-1024426.0099999979,-1.6652851035836598
Oklahoma,OK,2018,64575315.99,60492127.99,4083188.0,6.7499493498972205
Oklahoma,OK,2019,64795946.0,64575315.99,220630.0099999979,0.3416630745317053
Oklahoma,OK,2020,62299304.980000004,64795946.0,-2496641.019999996,-3.853082135724966
Oklahoma,OK,2021,64525137.0,62299304.980000004,2225832.019999996,3.5728039353160623
Oklahoma,OK,2022,69486942.02,64525137.0,4961805.019999996,7.689724114805049
Oklahoma,OK,2023,68978840.01,69486942.02,-508102.00999999046,-0.7312194136471664
Oklahoma,OK,2024,72083773.02,68978840.01,3104933.0099999905,4.501283305938259
Oregon,OR,2001,45884830.0,,,
Oregon,OR,2002,45255173.0,45884830.0,-629657.0,-1.372255274782537
Oregon,OR,2003,45194730.0,45255173.0,-60443.0,-0.13356042192126855
Oregon,OR,2004,45636448.0,45194730.0,441718.0,0.9773661663649722
Oregon,OR,2005,46419245.0,45636448.0,782797.0,1.715289060182773
Oregon,OR,2006,48069265.0,46419245.0,1650020.0,3.5546032685365736
Oregon,OR,2007,48696965.0,48069265.0,627700.0,1.3058240020936454
Oregon,OR,2008,49187476.98,48696965.0,490511.9799999967,1.0072742315665806
Oregon,OR,2009,47566897.019999996,49187476.98,-1620579.960000001,-3.294700317031795
Oregon,OR,2010,46025945.03,47566897.019999996,-1540951.9899999946,-3.2395470096611207
Oregon,OR,2011,47171445.99,46025945.03,1145500.960000001,2.4888157304610607
Oregon,OR,2012,46688855.97,47171445.99,-482590.0200000033,-1.0230553884277975
Oregon,OR,2013,47640978.02,46688855.97,952122.0500000045,2.0392918828677065
Oregon,OR,2014,47334953.01,47640978.02,-306025.01000000536,-0.6423566910644319
Oregon,OR,2015,47263973.96,47334953.01,-70979.04999999702,-0.1499506083485537
Oregon,OR,2016,47349349.99,47263973.96,85376.03000000119,0.18063658818079034
Oregon,OR,2017,50043816.03,47349349.99,2694466.039999999,5.690608298887017
Oregon,OR,2018,49325904.01,50043816.03,-717912.0200000033,-1.4345668994739194
Oregon,OR,2019,50404385.99,49325904.01,1078481.9800000042,2.186441387432778
Oregon,OR,2020,51019313.01,50404385.99,614927.0199999958,1.2199871259655748
Oregon,OR,2021,54135205.01,51019313.01,3115892.0,6.107279412777024
Oregon,OR,2022,56326895.989999995,54135205.01,2191690.9799999967,4.048550254118631
Oregon,OR,2023,57984962.0,56326895.989999995,1658066.0100000054,2.9436488215050414
Oregon,OR,2024,59680701.0,57984962.0,1695739.0,2.924446169336112
Pennsylvania,PA,2001,135271933.0,,,
Pennsylvania,PA,2002,139819870.0,135271933.0,4547937.0,3.3620699424765372
Pennsylvania,PA,2003,140369128.0,139819870.0,549258.0,0.39283257808779254
Pennsylvania,PA,2004,143501493.0,140369128.0,3132365.0,2.231519882349059
Pennsylvania,PA,2005,148272940.0,143501493.0,4771447.0,3.32501558015149
Pennsylvania,PA,2006,146150358.0,148272940.0,-2122582.0,-1.4315370019640805
Pennsylvania,PA,2007,151572950.0,146150358.0,5422592.0,3.710283077103376
Pennsylvania,PA,2008,150400589.0,151572950.0,-1172361.0,-0.7734632069904294
Pennsylvania,PA,2009,143747437.99,150400589.0,-6653151.00999999,-4.423620315742241
Pennsylvania,PA,2010,148963968.0,143747437.99,5216530.00999999,3.6289551194386407
Pennsylvania,PA,2011,148757238.01,148963968.0,-206729.99000000954,-0.13877851991698392
Pennsylvania,PA,2012,144709727.01,148757238.01,-4047511.0,-2.7208834031510536
Pennsylvania,PA,2013,146253762.98,144709727.01,1544035.9699999988,1.0669883786687677
Pennsylvania,PA,2014,146687698.0,146253762.98,433935.0200000107,0.29670007195599524
Pennsylvania,PA,2015,146344027.99,146687698.0,-343670.00999999046,-0.23428686569202992
Pennsylvania,PA,2016,145327682.99,146344027.99,-1016345.0,-0.694490246004059
Pennsylvania,PA,2017,142990895.98,145327682.99,-2336787.0100000203,-1.607943484629019
Pennsylvania,PA,2018,148976731.01,142990895.98,5985835.030000001,4.186165132385235
Pennsylvania,PA,2019,145580382.98,148976731.01,-3396348.030000001,-2.2797842367557544
Pennsylvania,PA,2020,139720836.99,145580382.98,-5859545.98999998,-4.024955746135777
Pennsylvania,PA,2021,143340153.98999998,139720836.99,3619316.99999997,2.5903917253652073
Pennsylvania,PA,2022,145044592.15,143340153.98999998,1704438.1600000262,1.189086318491701
Pennsylvania,PA,2023,138710993.03,145044592.15,-6333599.120000005,-4.36665650619364
Pennsylvania,PA,2024,142146514.02,138710993.03,3435520.9900000095,2.4767474552337645
Rhode Island,RI,2001,7392917.0,,,
Rhode Island,RI,2002,7560699.0,7392917.0,167782.0,2.269496600597572
Rhode Island,RI,2003,7796626.0,7560699.0,235927.0,3.120438996447286
Rhode Island,RI,2004,7887575.0,7796626.0,90949.0,1.1665174140711636
Rhode Island,RI,2005,8049112.0,7887575.0,161537.0,2.0479932045020175
Rhode Island,RI,2006,7799126.0,8049112.0,-249986.0,-3.1057587470518486
Rhode Island,RI,2007,8013022.0,7799126.0,213896.0,2.7425637180371236
Rhode Island,RI,2008,7818594.0,8013022.0,-194428.0,-2.42640042670543
Rhode Island,RI,2009,7617629.0,7818594.0,-200965.0,-2.5703470470521936
Rhode Island,RI,2010,7799227.0,7617629.0,181598.0,2.3839176205614634
Rhode Island,RI,2011,7732420.0,7799227.0,-66807.0,-0.8565848897589465
Rhode Island,RI,2012,7708334.0,7732420.0,-24086.0,-0.3114936850300423
Rhode Island,RI,2013,7781122.0,7708334.0,72788.0,0.9442766750895849
Rhode Island,RI,2014,7643104.0,7781122.0,-138018.0,-1.773754479109825
Rhode Island,RI,2015,7664718.0,7643104.0,21614.0,0.28279086611931487
Rhode Island,RI,2016,7524270.0,7664718.0,-140448.0,-1.8323961820904566
Rhode Island,RI,2017,7384671.0,7524270.0,-139599.0,-1.8553161967871965
Rhode Island,RI,2018,7583339.0,7384671.0,198668.0,2.6902755721954303
Rhode Island,RI,2019,7349915.0,7583339.0,-233424.0,-3.0781163811877588
Rhode Island,RI,2020,7351541.0,7349915.0,1626.0,0.02212270482039588
Rhode Island,RI,2021,7398003.99,7351541.0,46462.99000000022,0.632017015208107
Rhode Island,RI,2022,7576284.0,7398003.99,178280.00999999978,2.409839332892814
Rhode Island,RI,2023,7300787.99,7576284.0,-275496.0099999998,-3.6362946531571385
Rhode Island,RI,2024,7414247.0,7300787.99,113459.00999999978,1.5540652619334556
South Carolina,SC,2001,74832367.0,,,
South Carolina,SC,2002,77819392.0,74832367.0,2987025.0,3.991621700273092
South Carolina,SC,2003,77054098.0,77819392.0,-765294.0,-0.9834232577915797
South Carolina,SC,2004,79908340.0,77054098.0,2854242.0,3.704205323382022
South Carolina,SC,2005,81254088.0,79908340.0,1345748.0,1.6841145742734738
South Carolina,SC,2006,80877321.0,81254088.0,-376767.0,-0.4636899007469015
South Carolina,SC,2007,81948158.0,80877321.0,1070837.0,1.3240262990412355
South Carolina,SC,2008,80650572.0,81948158.0,-1297586.0,-1.5834230221501746
South Carolina,SC,2009,76417478.99000001,80650572.0,-4233093.00999999,-5.248683183548891
South Carolina,SC,2010,82479292.99,76417478.99000001,6061813.999999985,7.932496701171251
South Carolina,SC,2011,80488546.01,82479292.99,-1990746.9799999893,-2.413632449833624
South Carolina,SC,2012,77780953.0,80488546.01,-2707593.0100000054,-3.363948218997036
South Carolina,SC,2013,78602094.0,77780953.0,821141.0,1.0557096156947319
South Carolina,SC,2014,81619765.0,78602094.0,3017671.0,3.8391738011458063
South Carolina,SC,2015,81328246.0,81619765.0,-291519.0,-0.35716716410541
South Carolina,SC,2016,79577549.99,81328246.0,-1750696.0100000054,-2.1526297394880562
South Carolina,SC,2017,78096757.0,79577549.99,-1480792.9899999946,-1.8608175172345425
South Carolina,SC,2018,81641137.99000001,78096757.0,3544380.9900000095,4.538448363483274
South Carolina,SC,2019,80205620.0,81641137.99000001,-1435517.9900000095,-1.758326776601083
South Carolina,SC,2020,76737175.99000001,80205620.0,-3468444.0099999905,-4.324440120280836
South Carolina,SC,2021,79792136.01,76737175.99000001,3054960.019999996,3.9810691240424356
South Carolina,SC,2022,82758432.01,79792136.01,2966296.0,3.7175292558006556
South Carolina,SC,2023,81202185.01,82758432.01,-1556247.0,-1.8804694122430365
South Carolina,SC,2024,83961428.02000001,81202185.01,2759243.0100000054,3.397991088121836
South Dakota,SD,2001,8626999.0,,,
South Dakota,SD,2002,8936801.0,8626999.0,309802.0,3.591074949701513
South Dakota,SD,2003,9079990.0,8936801.0,143189.0,1.6022399961686515
South Dakota,SD,2004,9213844.0,9079990.0,133854.0,1.4741646191240299
South Dakota,SD,2005,9811017.0,9213844.0,597173.0,6.481257985266518
South Dakota,SD,2006,10056387.0,9811017.0,245370.0,2.5009639673440582
South Dakota,SD,2007,10603301.0,10056387.0,546914.0,5.438474076226382
South Dakota,SD,2008,10974086.0,10603301.0,370785.0,3.4968827160522937
South Dakota,SD,2009,11010118.0,10974086.0,36032.0,0.3283371389653772
South Dakota,SD,2010,11356149.01,11010118.0,346031.0099999998,3.1428456080125553
South Dakota,SD,2011,11679600.02,11356149.01,323451.0099999998,2.8482455603142864
South Dakota,SD,2012,11734209.99,11679600.02,54609.97000000067,0.4675671247858424
South Dakota,SD,2013,12209798.97,11734209.99,475588.98000000045,4.053012349406578
South Dakota,SD,2014,12354726.0,12209798.97,144927.02999999933,1.186973105422057
South Dakota,SD,2015,12101979.0,12354726.0,-252747.0,-2.0457515609816035
South Dakota,SD,2016,12129530.02,12101979.0,27551.019999999553,0.22765714599239972
South Dakota,SD,2017,12313675.030000001,12129530.02,184145.01000000164,1.51815453439969
South Dakota,SD,2018,12856937.99,12313675.030000001,543262.959999999,4.411866958291808
South Dakota,SD,2019,12868930.979999999,12856937.99,11992.98999999836,0.09328029744972241
South Dakota,SD,2020,12695844.99,12868930.979999999,-173085.98999999836,-1.344991206099377
South Dakota,SD,2021,13041391.02,12695844.99,345546.02999999933,2.721725338267534
South Dakota,SD,2022,13467064.01,13041391.02,425672.9900000002,3.264015236926775
South Dakota,SD,2023,13505999.0,13467064.01,38934.99000000022,0.28911268240121946
South Dakota,SD,2024,13637203.98,13505999.0,131204.98000000045,0.9714570540098548
Tennessee,TN,2001,96130718.0,,,
Tennessee,TN,2002,98233027.0,96130718.0,2102309.0,2.1869273877679762
Tennessee,TN,2003,97455808.0,98233027.0,-777219.0,-0.7911992776115919
Tennessee,TN,2004,99660665.0,97455808.0,2204857.0,2.2624172383856282
Tennessee,TN,2005,103905421.0,99660665.0,4244756.0,4.259208986815411
Tennessee,TN,2006,103931744.0,103905421.0,26323.0,0.02533361565418228
Tennessee,TN,2007,106716934.0,103931744.0,2785190.0,2.6798260981745865
Tennessee,TN,2008,104169778.99000001,106716934.0,-2547155.0099999905,-2.3868330119004266
Tennessee,TN,2009,94909844.01,104169778.99000001,-9259934.980000004,-8.889271984429312
Tennessee,TN,2010,103521537.01,94909844.01,8611693.0,9.073550894354694
Tennessee,TN,2011,100733329.0,103521537.01,-2788208.0100000054,-2.693360329194754
Tennessee,TN,2012,96381471.97,100733329.0,-4351857.030000001,-4.320175927075736
Tennessee,TN,2013,96944013.0,96381471.97,562541.0300000012,0.5836609656419228
Tennessee,TN,2014,100219230.0,96944013.0,3275217.0,3.3784623708531645
Tennessee,TN,2015,99632107.97,100219230.0,-587122.0300000012,-0.5858376980146437
Tennessee,TN,2016,100758439.02000001,99632107.97,1126331.050000012,1.1304900327303713
Tennessee,TN,2017,97239884.99000001,100758439.02000001,-3518554.030000001,-3.4920688174829575
Tennessee,TN,2018,102911182.99,97239884.99000001,5671297.999999985,5.832275511826461
Tennessee,TN,2019,99829099.99000001,102911182.99,-3082082.999999985,-2.994896094333572
Tennessee,TN,2020,95003887.98,99829099.99000001,-4825212.010000005,-4.833472414840314
Tennessee,TN,2021,99621136.97999999,95003887.98,4617248.999999985,4.86006320180496
Tennessee,TN,2022,102112051.00999999,99621136.97999999,2490914.030000001,2.500387071972566
Tennessee,TN,2023,99046005.0,102112051.00999999,-3066046.0099999905,-3.00262895483289
Tennessee,TN,2024,102962435.02000001,99046005.0,3916430.0200000107,3.9541524365369516
Texas,TX,2001,318044174.0,,,
Texas,TX,2002,320845849.0,318044174.0,2801675.0,0.8809075056347362
Texas,TX,2003,322685955.0,320845849.0,1840106.0,0.5735171596376177
Texas,TX,2004,320614840.0,322685955.0,-2071115.0,-0.6418361158606981
Texas,TX,2005,334258262.0,320614840.0,13643422.0,4.255393168950008
Texas,TX,2006,342724213.0,334258262.0,8465951.0,2.5327574401137762
Texas,TX,2007,343828582.0,342724213.0,1104369.0,0.322232558456557
Texas,TX,2008,347814647.02,343828582.0,3986065.019999981,1.159317528756228
Texas,TX,2009,345351419.96999997,347814647.02,-2463227.050000012,-0.7082010694789319
Texas,TX,2010,358457549.99,345351419.96999997,13106130.02000004,3.7950126341274473
Texas,TX,2011,376065115.99,358457549.99,17607566.0,4.912036585780158
Texas,TX,2012,365104130.98999995,376065115.99,-10960985.00000006,-2.914650823473753
Texas,TX,2013,378817254.03000003,365104130.98999995,13713123.040000081,3.7559484749778624
Texas,TX,2014,389669820.0,378817254.03000003,10852565.969999969,2.8648552447245477
Texas,TX,2015,392337354.01,389669820.0,2667534.0099999905,0.6845626407505694
Texas,TX,2016,398661808.78000003,392337354.01,6324454.7700000405,1.6119940416988288
Texas,TX,2017,401880374.01000005,398661808.78000003,3218565.230000019,0.8073422532872145
Texas,TX,2018,424418628.0,401880374.01000005,22538253.98999995,5.608199715032396
Texas,TX,2019,429343404.01,424418628.0,4924776.00999999,1.1603581193424881
Texas,TX,2020,426863266.96999997,429343404.01,-2480137.0400000215,-0.5776581209437319
Texas,TX,2021,435627877.98,426863266.96999997,8764611.01000005,2.0532596004837376
Texas,TX,2022,475401192.05999994,435627877.98,39773314.07999992,9.130112210547265
Texas,TX,2023,492820384.99,475401192.05999994,17419192.930000067,3.664103755087263
Texas,TX,2024,505431317.01,492820384.99,12610932.01999998,2.5589306782137013
Utah,UT,2001,23217308.0,,,
Utah,UT,2002,23267188.0,23217308.0,49880.0,0.2148397221590031
Utah,UT,2003,23860350.0,23267188.0,593162.0,2.5493497538250005
Utah,UT,2004,24511704.0,23860350.0,651354.0,2.729859369204559
Utah,UT,2005,25000498.0,24511704.0,488794.0,1.9941249290543
Utah,UT,2006,26365716.0,25000498.0,1365218.0,5.4607632215966255
Utah,UT,2007,27785447.0,26365716.0,1419731.0,5.384761786859875
Utah,UT,2008,28191511.009999998,27785447.0,406064.0099999979,1.461426947711145
Utah,UT,2009,27586699.990000002,28191511.009999998,-604811.0199999958,-2.145365744267696
Utah,UT,2010,28044000.990000002,27586699.990000002,457301.0,1.6576864944548229
Utah,UT,2011,28858946.009999998,28044000.990000002,814945.0199999958,2.9059513308767566
Utah,UT,2012,29723368.0,28858946.009999998,864421.9900000021,2.9953345825605298
Utah,UT,2013,30474034.02,29723368.0,750666.0199999996,2.525507943783489
Utah,UT,2014,30043019.02,30474034.02,-431015.0,-1.4143680476208906
Utah,UT,2015,30192349.99,30043019.02,149330.9699999988,0.4970571363037362
Utah,UT,2016,30179534.029999997,30192349.99,-12815.960000000894,-0.042447706138295516
Utah,UT,2017,30589021.02,30179534.029999997,409486.9900000021,1.3568366880447893
Utah,UT,2018,31242408.0,30589021.02,653386.9800000004,2.1360179509268926
Utah,UT,2019,31142565.02,31242408.0,-99842.98000000045,-0.31957517487128534
Utah,UT,2020,31663156.99,31142565.02,520591.9699999988,1.6716412718916072
Utah,UT,2021,32677627.01,31663156.99,1014470.0200000033,3.2039446360967663
Utah,UT,2022,33365501.01,32677627.01,687874.0,2.1050304533725686
Utah,UT,2023,33343537.01,33365501.01,-21964.0,-0.0658284735284423
Utah,UT,2024,34688082.98,33343537.01,1344545.969999995,4.032403549739653
Vermont,VT,2001,5585446.0,,,
Vermont,VT,2002,5629263.0,5585446.0,43817.0,0.7844852497007402
Vermont,VT,2003,5352429.0,5629263.0,-276834.0,-4.91776632216331
Vermont,VT,2004,5663772.0,5352429.0,311343.0,5.816854366494165
Vermont,VT,2005,5883053.0,5663772.0,219281.0,3.871642431934054
Vermont,VT,2006,5795029.0,5883053.0,-88024.0,-1.4962299336755933
Vermont,VT,2007,5864006.0,5795029.0,68977.0,1.1902787716851806
Vermont,VT,2008,5741204.0,5864006.0,-122802.0,-2.0941656608127617
Vermont,VT,2009,5496513.0,5741204.0,-244691.0,-4.262015423942434
Vermont,VT,2010,5594833.0200000005,5496513.0,98320.02000000048,1.7887708079649858
Vermont,VT,2011,5550184.0,5594833.0200000005,-44649.020000000484,-0.7980402603686728
Vermont,VT,2012,5510764.0,5550184.0,-39420.0,-0.7102467233518744
Vermont,VT,2013,5587712.0,5510764.0,76948.0,1.3963218167208757
Vermont,VT,2014,5569860.99,5587712.0,-17851.009999999776,-0.31946904206945126
Vermont,VT,2015,5521109.01,5569860.99,-48751.98000000045,-0.8752818084244585
Vermont,VT,2016,5516450.01,5521109.01,-4659.0,-0.08438522028022773
Vermont,VT,2017,5423662.0,5516450.01,-92788.00999999978,-1.682023943510725
Vermont,VT,2018,5530947.989999999,5423662.0,107285.98999999929,1.97810980846519
Vermont,VT,2019,5427663.99,5530947.989999999,-103283.99999999907,-1.8673833163272808
Vermont,VT,2020,5331458.010000001,5427663.99,-96205.97999999952,-1.7725117136442248
Vermont,VT,2021,5412696.0200000005,5331458.010000001,81238.00999999978,1.5237484726996802
Vermont,VT,2022,5470471.01,5412696.0200000005,57774.98999999929,1.0673976477991698
Vermont,VT,2023,5364023.01,5470471.01,-106448.0,-1.9458653524607565
Vermont,VT,2024,5458947.0,5364023.01,94923.99000000022,1.769641737610671
Virginia,VA,2001,96453175.0,,,
Virginia,VA,2002,100618570.0,96453175.0,4165395.0,4.318567014512483
Virginia,VA,2003,101509731.0,100618570.0,891161.0,0.8856824341669733
Virginia,VA,2004,105424173.0,101509731.0,3914442.0,3.856223399902419
Virginia,VA,2005,108849552.0,105424173.0,3425379.0,3.2491400240815738
Virginia,VA,2006,106721241.0,108849552.0,-2128311.0,-1.955277684560429
Virginia,VA,2007,111569552.0,106721241.0,4848311.0,4.542967224303548
Virginia,VA,2008,110106337.01,111569552.0,-1463214.9899999946,-1.3114823567634246
Virginia,VA,2009,108462463.0,110106337.01,-1643874.0100000054,-1.4929876468878505
Virginia,VA,2010,113806135.0,108462463.0,5343672.0,4.926747791076807
Virginia,VA,2011,110228264.99,113806135.0,-3577870.0100000054,-3.1438287663490243
Virginia,VA,2012,107794985.01,110228264.99,-2433279.9799999893,-2.207491862654954
Virginia,VA,2013,110511827.00999999,107794985.01,2716841.999999985,2.520378846704183
Virginia,VA,2014,112098380.99000001,110511827.00999999,1586553.980000019,1.4356417977384945
Virginia,VA,2015,112009044.99,112098380.99000001,-89336.0000000149,-0.07969428212168767
Virginia,VA,2016,112280665.00999999,112009044.99,271620.0199999958,0.2424982911194767
Virginia,VA,2017,111529732.01,112280665.00999999,-750932.9999999851,-0.6687999219928962
Virginia,VA,2018,118166348.02000001,111529732.01,6636616.010000005,5.950535243288266
Virginia,VA,2019,118435379.99,118166348.02000001,269031.9699999839,0.22767223876162226
Virginia,VA,2020,117254388.0,118435379.99,-1180991.9899999946,-0.9971614817292864
Virginia,VA,2021,125245195.98,117254388.0,7990807.980000004,6.81493299849896
Virginia,VA,2022,132264617.03,125245195.98,7019421.049999997,5.6045431484021995
Virginia,VA,2023,132318505.00999999,132264617.03,53887.97999998927,0.04074255171945684
Virginia,VA,2024,138044772.0,132318505.00999999,5726266.99000001,4.327638820864282
Washington,WA,2001,78495247.0,,,
Washington,WA,2002,75403856.0,78495247.0,-3091391.0,-3.9383161632703696
Washington,WA,2003,78133501.0,75403856.0,2729645.0,3.620033702255227
Washington,WA,2004,79981608.0,78133501.0,1848107.0,2.365319582953284
Washington,WA,2005,83425200.0,79981608.0,3443592.0,4.3054798298128745
Washington,WA,2006,85033335.0,83425200.0,1608135.0,1.9276369730009637
Washington,WA,2007,85741947.0,85033335.0,708612.0,0.8333343623415453
Washington,WA,2008,87332884.0,85741947.0,1590937.0,1.8554943708007938
Washington,WA,2009,90210001.98,87332884.0,2877117.980000004,3.294426850715252
Washington,WA,2010,90379970.02,90210001.98,169968.03999999166,0.18841374156900517
Washington,WA,2011,93724917.0,90379970.02,3344946.980000004,3.7009826173429885
Washington,WA,2012,92336440.97,93724917.0,-1388476.0300000012,-1.4814374602220253
Washington,WA,2013,92882722.98,92336440.97,546282.0100000054,0.5916212540371701
Washington,WA,2014,92140776.99,92882722.98,-741945.9900000095,-0.7987987067947708
Washington,WA,2015,90116085.97,92140776.99,-2024691.0199999958,-2.197388698187052
Washington,WA,2016,88885316.0,90116085.97,-1230769.9699999988,-1.3657605706596345
Washington,WA,2017,91948172.00999999,88885316.0,3062856.0099999905,3.4458515172517252
Washington,WA,2018,90005790.99,91948172.00999999,-1942381.0199999958,-2.1124737746703097
Washington,WA,2019,91052795.97999999,90005790.99,1047004.9899999946,1.1632640283293785
Washington,WA,2020,86706144.0,91052795.97999999,-4346651.979999989,-4.773771011880562
Washington,WA,2021,88198668.0,86706144.0,1492524.0,1.7213589846643391
Washington,WA,2022,90897319.98,88198668.0,2698651.980000004,3.0597423308025515
Washington,WA,2023,89552629.99,90897319.98,-1344689.9900000095,-1.4793505356328212
Washington,WA,2024,89981629.0,89552629.99,428999.01000000536,0.4790468019173866
West Virginia,WV,2001,27669432.0,,,
West Virginia,WV,2002,28463122.0,27669432.0,793690.0,2.8684723271514936
West Virginia,WV,2003,28296993.0,28463122.0,-166129.0,-0.5836640126827971
West Virginia,WV,2004,28918612.0,28296993.0,621619.0,2.196766985099795
West Virginia,WV,2005,30152069.0,28918612.0,1233457.0,4.265270407860515
West Virginia,WV,2006,32312126.0,30152069.0,2160057.0,7.163876548571178
West Virginia,WV,2007,34183839.0,32312126.0,1871713.0,5.792602442810479
West Virginia,WV,2008,34221103.0,34183839.0,37264.0,0.1090105766060974
West Virginia,WV,2009,30271329.0,34221103.0,-3949774.0,-11.541924876004144
West Virginia,WV,2010,32031803.0,30271329.0,1760474.0,5.8156481996545315
West Virginia,WV,2011,31238753.0,32031803.0,-793050.0,-2.4758206710999064
West Virginia,WV,2012,30817240.99,31238753.0,-421512.01000000164,-1.349324059126181
West Virginia,WV,2013,31399850.0,30817240.99,582609.0100000016,1.8905294286047691
West Virginia,WV,2014,32696106.0,31399850.0,1296256.0,4.128223542469152
West Virginia,WV,2015,32303026.0,32696106.0,-393080.0,-1.202222674467718
West Virginia,WV,2016,32076145.990000002,32303026.0,-226880.0099999979,-0.7023490926206044
West Virginia,WV,2017,31709019.0,32076145.990000002,-367126.9900000021,-1.1445483198463335
West Virginia,WV,2018,33646813.0,31709019.0,1937794.0,6.11117612941605
West Virginia,WV,2019,33247013.0,33646813.0,-399800.0,-1.1882254643255514
West Virginia,WV,2020,32076583.0,33247013.0,-1170430.0,-3.520406479824217
West Virginia,WV,2021,32777988.019999996,32076583.0,701405.0199999958,2.18665753768098
West Virginia,WV,2022,32986288.0,32777988.019999996,208299.98000000417,0.6354873882829742
West Virginia,WV,2023,32070686.99,32986288.0,-915601.0100000016,-2.7757018613309916
West Virginia,WV,2024,32990570.0,32070686.99,919883.0100000016,2.8682984255586152
Wisconsin,WI,2001,65218293.0,,,
Wisconsin,WI,2002,66999296.0,65218293.0,1781003.0,2.730833510162555
Wisconsin,WI,2003,67241494.0,66999296.0,242198.0,0.361493350616699
Wisconsin,WI,2004,67975709.0,67241494.0,734215.0,1.0919076247770463
Wisconsin,WI,2005,70335683.0,67975709.0,2359974.0,3.4717901949356644
Wisconsin,WI,2006,69820749.0,70335683.0,-514934.0,-0.7321091912905715
Wisconsin,WI,2007,71301300.0,69820749.0,1480551.0,2.1205028894777396
Wisconsin,WI,2008,70121827.00999999,71301300.0,-1179472.9900000095,-1.6542096567664397
Wisconsin,WI,2009,66286438.980000004,70121827.00999999,-3835388.0299999863,-5.469606531291642
Wisconsin,WI,2010,68752417.04,66286438.980000004,2465978.0600000024,3.7201848491876888
Wisconsin,WI,2011,68611622.02,68752417.04,-140795.02000001073,-0.20478555672900417
Wisconsin,WI,2012,68820089.91,68611622.02,208467.8900000006,0.3038375771662024
Wisconsin,WI,2013,69124042.99,68820089.91,303953.0799999982,0.4416632997682729
Wisconsin,WI,2014,69494754.99,69124042.99,370712.0,0.5362996491012975
Wisconsin,WI,2015,68698931.92,69494754.99,-795823.0699999928,-1.1451555878058832
Wisconsin,WI,2016,69736337.99,68698931.92,1037406.0699999928,1.5100759808144522
Wisconsin,WI,2017,69079108.97,69736337.99,-657229.0199999958,-0.9424484263774229
Wisconsin,WI,2018,70959548.99,69079108.97,1880440.0199999958,2.722154422716486
Wisconsin,WI,2019,69157539.99000001,70959548.99,-1802008.999999985,-2.5394876738209455
Wisconsin,WI,2020,67448361.05000001,69157539.99000001,-1709178.9399999976,-2.4714281917013534
Wisconsin,WI,2021,69426615.02,67448361.05000001,1978253.969999984,2.9329904229006964
Wisconsin,WI,2022,69875871.03,69426615.02,449256.01000000536,0.647094791918901
Wisconsin,WI,2023,68563903.99000001,69875871.03,-1311967.0399999917,-1.8775680655726226
Wisconsin,WI,2024,68291423.98,68563903.99000001,-272480.01000000536,-0.39741029046383697
Wyoming,WY,2001,12949505.0,,,
Wyoming,WY,2002,12874060.0,12949505.0,-75445.0,-0.5826091422027329
Wyoming,WY,2003,13253836.0,12874060.0,379776.0,2.949931878521616
Wyoming,WY,2004,13539513.0,13253836.0,285677.0,2.15542881321302
Wyoming,WY,2005,14137727.0,13539513.0,598214.0,4.418282991419263
Wyoming,WY,2006,14946612.0,14137727.0,808885.0,5.721464277814955
Wyoming,WY,2007,15535552.0,14946612.0,588940.0,3.940290950216678
Wyoming,WY,2008,16690248.99,15535552.0,1154696.9900000002,7.432609990298383
Wyoming,WY,2009,16561937.010000002,16690248.99,-128311.97999999858,-0.7687840970909241
Wyoming,WY,2010,17113458.009999998,16561937.010000002,551520.9999999963,3.3300513078089304
Wyoming,WY,2011,17417762.009999998,17113458.009999998,304304.0,1.7781561144578988
Wyoming,WY,2012,16971353.99,17417762.009999998,-446408.01999999955,-2.562947063714069
Wyoming,WY,2013,17053514.0,16971353.99,82160.01000000164,0.4841099304652572
Wyoming,WY,2014,17134075.02,17053514.0,80561.01999999955,0.47240128925920816
Wyoming,WY,2015,16924761.99,17134075.02,-209313.0300000012,-1.2216184985514391
Wyoming,WY,2016,16554869.999999998,16924761.99,-369891.9900000002,-2.1855077797758753
Wyoming,WY,2017,16778066.99,16554869.999999998,223196.99000000022,1.3482255674614192
Wyoming,WY,2018,16864677.99,16778066.99,86611.0,0.5162156048823835
Wyoming,WY,2019,16763496.01,16864677.99,-101181.97999999858,-0.5999639012378118
Wyoming,WY,2020,15331018.0,16763496.01,-1432478.0099999998,-8.545222363792599
Wyoming,WY,2021,15784712.0,15331018.0,453694.0,2.959320770479821
Wyoming,WY,2022,16499428.98,15784712.0,714716.9800000004,4.527906369150101
Wyoming,WY,2023,16790115.0,16499428.98,290686.01999999955,1.7617944254456226
Wyoming,WY,2024,17216901.01,16790115.0,426786.01000000164,2.5418885457306377
