state,year,num_datacenters,total_capacity_mw,avg_capacity_mw,avg_latitude,avg_longitude,total_consumption_mwh,yoy_change_mwh,yoy_change_pct,change_per_dc_mwh
Alabama,1999.0,1,4.25,4.25,30.6747733,-88.118332,64907579.92794984,1230557.4624738172,1.932498434801961,1230557.4624738172
Alabama,2007.0,1,4.5,4.5,34.7454409,-86.691892,72586185.35394503,1702867.7289257497,2.402353312431158,1702867.7289257497
Alabama,2018.0,1,4.25,4.25,32.3381325,-86.2585214,85733989.45123096,1530177.5255841762,1.8172307055829557,1530177.5255841762
Alabama,2024.0,1,4.0,4.0,32.60092892087178,-85.512853246259,95139593.5900388,1467644.1450094879,1.5667915034380315,1467644.1450094879
Alaska,2024.0,1,0.15,0.15,60.5935199194642,-145.5792856864176,6492204.675217979,324906.39119279664,5.268212695896095,324906.39119279664
Arizona,1998.0,1,1.5,1.5,33.3552874,-111.8268072,54462174.14201335,1418786.2279533222,2.6747654773711194,1418786.2279533222
Arizona,2000.0,1,32.6,32.6,33.2748503,-111.8869478,57247316.184510455,2507684.6864568293,4.581113569509497,2507684.6864568293
Arizona,2001.0,1,1.0,1.0,32.2449504,-110.9691897,57556639.96728678,309323.78277632594,0.5403288807100802,309323.78277632594
Arizona,2002.0,1,9.0,9.0,33.3008813,-111.8863212,57740062.47997528,183422.51268850267,0.31868175903380347,183422.51268850267
Arizona,2007.0,1,5.8,5.8,33.6444482,-111.8957046,62970640.52619802,703422.3830870911,1.1296833294694342,703422.3830870911
Arizona,2010.0,3,43.0,14.333333333333334,33.459433966666666,-111.9694692,64490248.764864065,1976446.1429774761,3.161615611406602,658815.3809924921
Arizona,2011.0,2,67.0,33.5,33.365302,-111.93050465,67035977.05299973,2545728.2881356627,3.947462348017241,1272864.1440678313
Arizona,2012.0,1,9.0,9.0,33.2708361,-111.881638,68169810.84615274,1133833.7931530103,1.6913810210546838,1133833.7931530103
Arizona,2013.0,1,2.0,2.0,32.1723445,-110.9542276,68645881.77587448,476070.92972174287,0.6983603501499382,476070.92972174287
Arizona,2015.0,1,9.0,9.0,33.27194984165537,-111.8833673436563,70530276.4535459,271724.6288653016,0.3867495440887376,271724.6288653016
Arizona,2016.0,2,18.0,9.0,33.30948513383328,-111.7428474793618,71671113.78238572,1140837.3288398236,1.6175143303049797,570418.6644199118
Arizona,2017.0,3,207.0,69.0,33.39838150245319,-111.95854268156187,72469438.50761952,798324.7252337933,1.1138723581968304,266108.24174459773
Arizona,2018.0,1,9.0,9.0,33.26969635033058,-111.8815649027929,72369894.09624311,-99544.41137640178,-0.1373605390442422,-99544.41137640178
Arizona,2019.0,3,57.2,19.066666666666666,32.731611666666666,-111.76193566666666,73702453.14094546,1332559.044702351,1.84131683670866,444186.34823411703
Arizona,2020.0,2,18.0,9.0,33.4926119,-112.4384401,73084033.82999793,-618419.3109475374,-0.8390756136229256,-309209.6554737687
Arkansas,2000.0,1,0.75,0.75,35.2774524,-93.1371524,36168113.1942617,868849.2601850405,2.4613806730011847,868849.2601850405
Arkansas,2020.0,2,1.5,0.75,35.815375,-90.68931,46707338.63689025,-1421121.0985895991,-2.952766629973745,-710560.5492947996
California,1991.0,1,6.0,6.0,34.1998625,-118.3437949,173586124.35235897,-2344980.897644609,-1.3328972692533925,-2344980.897644609
California,1995.0,1,5.0,5.0,32.837756,-117.132835,182638428.30548933,880742.1608327329,0.4845694174010178,880742.1608327329
California,1996.0,1,6.0,6.0,33.91773,-118.386525,189704624.9535099,7066196.6480205655,3.8689539291267465,7066196.6480205655
California,1997.0,1,6.0,6.0,33.748108,-117.152151,191730554.9632199,2025930.0097100139,1.0679391766049458,2025930.0097100139
California,1998.0,5,15.665,3.133,33.7849317,-118.04663104000001,191094629.15546468,-635925.8077552319,-0.33167682004426624,-127185.16155104637
California,1999.0,1,6.0,6.0,33.6321588,-117.734101,195755713.92695984,4661084.771495163,2.439150065124618,4661084.771495163
California,2000.0,4,28.0,7.0,35.621466250000005,-119.9884037,203740766.62590027,7985052.698940426,4.0790904841325855,1996263.1747351065
California,2001.0,2,12.3,6.15,37.3760815,-121.95100640000001,201354322.57118228,-2386444.054717988,-1.1713139663893923,-1193222.027358994
California,2002.0,1,6.0,6.0,37.4004081,-122.0143135,203592588.89645845,2238266.325276166,1.111605798522105,2238266.325276166
California,2003.0,1,6.0,6.0,33.7176679,-117.8083267,209535582.11997485,5942993.223516405,2.919061669056552,5942993.223516405
California,2004.0,1,1.0,1.0,32.8299041,-117.1341603,216901623.0430725,7366040.92309764,3.515412918689881,7366040.92309764
California,2005.0,1,1.0,1.0,34.0478121,-118.2568332,213731677.5495863,-3169945.493486196,-1.461466930958237,-3169945.493486196
California,2006.0,1,6.0,6.0,37.6385301,-120.99852,220708584.6142732,6976907.064686894,3.264329904053757,6976907.064686894
California,2007.0,2,13.5,6.75,35.8963769,-119.814715,224815576.11038733,4106991.496114135,1.8608209115616503,2053495.7480570674
California,2008.0,3,59.0,19.666666666666668,35.59636716666667,-119.46852613333333,216751047.36328605,-8064528.747101277,-3.587175269004266,-2688176.249033759
California,2009.0,4,23.2,5.8,35.686891599999996,-120.1216445,224365238.65906227,7614191.295776218,3.512874049929935,1903547.8239440545
California,2011.0,1,52.6,52.6,37.3617685,-121.9437734,237389612.30338165,1341475.8803489506,0.5683060670069559,1341475.8803489506
California,2013.0,1,9.0,9.0,37.376671,-121.953162,243625360.12447023,2663169.9545196593,1.1052231690960836,2663169.9545196593
California,2014.0,1,8.0,8.0,38.7909258,-121.317567,242879661.2263178,-745698.8981524408,-0.30608426715981335,-745698.8981524408
California,2016.0,4,72.9,18.225,36.963325075,-121.009512575,252566073.65481985,-9045445.633257985,-3.457586905145963,-2261361.4083144963
California,2018.0,1,6.0,6.0,37.3790313,-121.9583275,257264550.4902245,2296669.0780087113,0.9007679968503968,2296669.0780087113
California,2019.0,2,31.0,15.5,38.615147199999996,-121.34501614999999,266976988.9521508,9712438.461926281,3.7752727468354923,4856219.230963141
California,2020.0,1,6.0,6.0,40.872135,-124.0908738,277138514.85396826,10161525.90181747,3.806142971984256,10161525.90181747
California,2021.0,1,20.0,20.0,37.36751391096377,-121.9638310927645,268750835.7807071,-8387679.073261142,-3.0265295596611086,-8387679.073261142
California,2022.0,1,6.0,6.0,37.370837,-121.946792,278295302.5666528,9544466.785945654,3.5514184572559477,9544466.785945654
California,2023.0,1,0.5,0.5,32.5941922,-117.0853841,279244388.753856,949086.1872032285,0.3410356475477766,949086.1872032285
California,2024.0,2,34.0,17.0,35.70583115,-120.26907555,288232234.6382075,8987845.884351492,3.2186307930699223,4493922.942175746
Colorado,1997.0,2,6.0,3.0,38.8355484,-104.8236416,39715445.381323926,1835392.754034683,4.845275090015171,917696.3770173416
Colorado,2000.0,1,12.3,12.3,39.777478,-104.96832,41097196.529757366,1254352.7816620693,3.148251137877261,1254352.7816620693
Colorado,2001.0,1,3.0,3.0,39.7459482,-104.9944892,41974345.34386783,877148.8141104653,2.134327613990277,877148.8141104653
Colorado,2007.0,1,3.0,3.0,39.9654525,-105.1242975,46047387.569035895,686222.7900268659,1.5127979922253163,686222.7900268659
Colorado,2008.0,2,5.0,2.5,39.27157895,-104.94606139999999,44858835.1950677,-1188552.3739681914,-2.581150498899142,-594276.1869840957
Colorado,2015.0,1,1.6,1.6,39.5590337,-104.8334949,51344371.04987977,481442.8716471344,0.9465496558909744,481442.8716471344
Colorado,2024.0,1,16.0,16.0,39.5901643,-104.8470028,57582982.14841492,1209273.6006182134,2.145102090618937,1209273.6006182134
Connecticut,1995.0,1,0.12,0.12,41.2780663,-73.1249517,19776905.35363969,-81815.74053019285,-0.4119889701971407,-81815.74053019285
Connecticut,2010.0,1,0.12,0.12,41.3080872,-72.7517544,25283023.638114985,1277265.5919517465,5.320663440394409,1277265.5919517465
Florida,1995.0,1,3.0,3.0,27.9833905,-80.629643,162282287.18716997,4306611.872186661,2.72612341336717,4306611.872186661
Florida,1997.0,1,3.0,3.0,27.9473436,-82.4587643,167927926.52665523,2123984.277992457,1.281021578369369,2123984.277992457
Florida,1998.0,1,5.0,5.0,30.217209,-81.581937,167870764.26005507,-57162.26660016179,-0.034039762047016295,-57162.26660016179
Florida,2000.0,2,16.0,8.0,28.318388849999998,-81.9615833,176140883.66097912,1111175.2617873847,0.6348495189474451,555587.6308936924
Florida,2001.0,1,3.0,3.0,26.2458867,-81.801808,177482795.73709822,1341912.076119095,0.7618402089442746,1341912.076119095
Florida,2003.0,2,4.0,2.0,27.6510755,-80.72464575000001,181863775.72843307,1306261.837362498,0.723460247769339,653130.918681249
Florida,2004.0,1,3.0,3.0,27.9495027,-82.4583924,183318613.62120533,1454837.8927722573,0.7999602377906664,1454837.8927722573
Florida,2006.0,1,3.0,3.0,25.7732153,-80.1899214,192752302.6863475,5870083.447993606,3.1410604347044737,5870083.447993606
Florida,2009.0,1,3.0,3.0,25.7758108,-80.1929487,190000130.72201133,2273517.2482688427,1.2110788162632262,2273517.2482688427
Florida,2010.0,1,35.0,35.0,26.4075638,-80.0977968,198771853.40446717,8771722.682455838,4.61669297232733,8771722.682455838
Florida,2011.0,2,5.0,2.5,26.107395099999998,-80.1756705,208451477.29017344,9679623.885706276,4.869715565820013,4839811.942853138
Florida,2013.0,1,3.0,3.0,28.2591624,-80.6948578,211522557.12884155,1211023.1717307866,0.5758234695667014,1211023.1717307866
Florida,2016.0,1,2.0,2.0,28.023895,-81.7292955,221178346.01263717,3110326.4569393396,1.4263102234231626,3110326.4569393396
Florida,2018.0,1,3.0,3.0,26.184976,-80.28691649999999,227501958.79816255,5705177.759103358,2.5722545351542574,5705177.759103358
Georgia,1995.0,1,23.0,23.0,33.755562,-84.391101,97038491.18736652,3608536.5563798994,3.8622908152233077,3608536.5563798994
Georgia,1997.0,2,9.5,4.75,33.12708554,-84.637325365,99746252.48308931,3664970.1009370387,3.814447528250134,1832485.0504685193
Georgia,1998.0,1,23.0,23.0,33.8839421,-84.472222,102672972.37742744,2926719.894338131,2.9341652658422612,2926719.894338131
Georgia,1999.0,1,8.1,8.1,34.09479503611276,-84.23574006692277,102718884.41383123,45912.036403790116,0.044716769506795574,45912.036403790116
Georgia,2000.0,1,26.0,26.0,34.0352725,-84.0610703,103480887.63003528,762003.2162040472,0.7418336175985986,762003.2162040472
Georgia,2004.0,1,23.0,23.0,33.92542846315679,-84.48159144047548,112272518.14846852,3380250.9545630515,3.1042157920578575,3380250.9545630515
Georgia,2006.0,1,30.0,30.0,34.0370725,-84.05762879999999,115755635.31341095,4286590.094775051,3.8455430261982717,4286590.094775051
Georgia,2008.0,2,46.0,23.0,33.751151,-84.5859079,112199312.99655004,-5034980.662893727,-4.294801892627036,-2517490.3314468637
Georgia,2009.0,1,30.0,30.0,34.0570483,-84.2728648,113299283.48241682,1099970.485866785,0.9803718547729499,1099970.485866785
Georgia,2014.0,1,1.6,1.6,33.7549598,-84.3898518,125839776.94026512,-1227380.1838872433,-0.9659303093465906,-1227380.1838872433
Georgia,2018.0,1,195.0,195.0,34.7131193,-84.9514028,140354043.022202,9022721.534253389,6.8701977807185495,9022721.534253389
Georgia,2023.0,3,260.0,86.66666666666667,33.763433,-84.60498,148605372.70159245,-2169048.298949361,-1.4386049600161066,-723016.099649787
Hawaii,2006.0,1,4.2,4.2,21.335541,-157.9162977,7424295.920468329,339911.4857587954,4.798038402509873,339911.4857587954
Hawaii,2021.0,1,1.0,1.0,21.4809474,-158.0192693,9059439.215978472,257627.635824522,2.9269842177195975,257627.635824522
Idaho,2000.0,1,2.0,2.0,43.6080104,-116.3101535,18296692.340458717,289358.3078186773,1.606891432647316,289358.3078186773
Idaho,2015.0,1,1.0,1.0,43.5799403,-116.2907646,23621671.245120544,472048.0301154293,2.0391175516388422,472048.0301154293
Illinois,1991.0,2,13.4,6.7,41.9266672,-87.8587419,87223323.18945962,-398274.0747580379,-0.45453870642995287,-199137.03737901896
Illinois,1993.0,1,27.0,27.0,41.796754,-88.112567,90024435.36069874,-158968.30490233004,-0.17627223906050665,-158968.30490233004
Illinois,2000.0,1,70.0,70.0,41.853036,-87.61886,101209328.48217766,-858559.455965817,-0.8411651042354598,-858559.455965817
Illinois,2006.0,2,54.0,27.0,41.96211995,-87.80741735000001,113313810.92233504,5872472.546844959,5.465747761184451,2936236.2734224796
Illinois,2007.0,2,42.4,21.2,41.8832315,-88.0877533,110828763.09034172,-2485047.8319933265,-2.1930670337233393,-1242523.9159966633
Illinois,2008.0,2,72.8,36.4,41.9942995,-87.9623356,112886508.0481221,2057744.957780376,1.8566885530455768,1028872.478890188
Illinois,2009.0,1,27.0,27.0,41.9229989,-87.9182329,112939741.09696388,53233.048841789365,0.047156254332091474,53233.048841789365
Illinois,2013.0,1,27.0,27.0,41.8716165,-87.6428248,125757911.10333689,3879504.52324751,3.183094226538144,3879504.52324751
Illinois,2014.0,1,2.4,2.4,41.9268739,-87.8583471,125408039.63766135,-349871.4656755328,-0.2782103031180591,-349871.4656755328
Illinois,2015.0,1,3.0,3.0,42.00270313594124,-87.95899332617978,127829898.18881749,2421858.5511561334,1.9311828477293445,2421858.5511561334
Illinois,2016.0,1,42.0,42.0,41.8418945,-87.6679234,130089923.22595732,2260025.037139833,1.7679940836701218,2260025.037139833
Illinois,2017.0,2,54.0,27.0,41.9942329,-87.9648002,130777195.26802634,687272.0420690179,0.5283053637254234,343636.02103450894
Illinois,2020.0,1,18.0,18.0,41.8628253,-87.6412923,136414378.9795408,983795.3053155541,0.7264203392064293,983795.3053155541
Indiana,2005.0,1,3.75,3.75,39.7601501,-86.1704701,78116667.84483892,-474877.6835358739,-0.6042350743241504,-474877.6835358739
Indiana,2009.0,1,9.8855,9.8855,39.775998,-86.04275,82259112.1729366,495741.7589213848,0.6063127735698244,495741.7589213848
Indiana,2012.0,1,10.0,10.0,41.659842,-86.2581782,89404587.29380292,3103111.3781270385,3.595664321151414,3103111.3781270385
Indiana,2018.0,1,9.771,9.771,39.17949,-85.896024,97968515.10309611,2117062.509084031,2.2086911066972035,2117062.509084031
Indiana,2020.0,2,29.8855,14.94275,41.3607203,-86.31506095,97385302.48013856,1212247.4173109978,1.260485503469829,606123.7086554989
Iowa,2002.0,1,5.8,5.8,42.2840281,-91.0921393,36344703.93793507,-334368.86106871814,-0.9116066343907137,-334368.86106871814
Iowa,2005.0,1,10.0,10.0,41.586182,-93.659333,39090165.15879173,1825764.3431115746,4.899486649851962,1825764.3431115746
Iowa,2006.0,1,5.8,5.8,41.6668,-93.455687,39134265.09571677,44099.936925038695,0.1128159391138316,44099.936925038695
Iowa,2007.0,1,5.8,5.8,42.2530183,-91.1609634,39123973.93289555,-10291.162821218371,-0.026297064212264295,-10291.162821218371
Iowa,2008.0,1,5.8,5.8,42.05294137401164,-91.55424356460573,39209654.44790056,85680.51500501484,0.21899747492923877,85680.51500501484
Iowa,2009.0,1,7.6,7.6,41.6166126,-93.8535056,39713098.37781418,503443.92991361767,1.2839795121953033,503443.92991361767
Iowa,2011.0,1,1.0,1.0,43.4297871,-95.2983882,41331506.829705186,206135.46020700783,0.5012367143264125,206135.46020700783
Iowa,2012.0,2,9.8,4.9,41.798192650000004,-92.75355845,42902564.2162531,1571057.3865479156,3.801113259724632,785528.6932739578
Iowa,2014.0,1,5.8,5.8,41.5171402,-93.7043969,45707480.67100277,2423062.9768823907,5.598002944166977,2423062.9768823907
Iowa,2016.0,1,5.8,5.8,41.4968628,-93.7886638,47696414.663972415,3103982.4465429187,6.960783012256706,3103982.4465429187
Iowa,2017.0,1,5.8,5.8,41.62026437506193,-93.9243794615756,45998523.33223112,-1697891.3317412958,-3.5597881805229306,-1697891.3317412958
Iowa,2019.0,1,5.8,5.8,42.4981043,-96.4039508,48003127.99714683,1297795.758705765,2.778688634694279,1297795.758705765
Kansas,1995.0,1,8.3,8.3,38.9357321,-94.7919983,27667388.1516702,668893.7678057477,2.4775224806814022,668893.7678057477
Kansas,2001.0,1,8.3,8.3,39.0496359,-94.6526909,30486319.82878973,770884.2488512769,2.5942216016907995,770884.2488512769
Kansas,2003.0,1,1.0,1.0,37.689269,-97.343345,31207068.51983135,737222.0544820987,2.4195135191129964,737222.0544820987
Kansas,2007.0,1,8.3,8.3,38.93119125302246,-94.75309457361034,33523512.230788108,1507978.1546697803,4.71014524100862,1507978.1546697803
Kansas,2012.0,1,6.6,6.6,38.9407414,-94.7552244,35497960.15191567,-157461.88062413037,-0.44162113823930543,-157461.88062413037
Kansas,2016.0,1,13.5,13.5,38.94013431829805,-94.86772189232298,37047985.39748127,303512.40120933205,0.8260083121620119,303512.40120933205
Kansas,2023.0,1,10.0,10.0,38.9865887,-94.7123953,41568923.1849868,884299.3290666342,2.1735467733418816,884299.3290666342
Kentucky,2001.0,2,2.0,1.0,38.1103365,-85.08376675,53622367.941919826,248365.17077394575,0.4653298570071132,124182.58538697287
Kentucky,2008.0,1,1.0,1.0,36.8495698,-87.4690246,57436064.18068037,-2197413.9417852387,-3.684866304917759,-2197413.9417852387
Kentucky,2011.0,2,2.0,1.0,38.2154584,-85.42883495,61865073.200412296,-1219405.1176555827,-1.9329717074102137,-609702.5588277914
Kentucky,2012.0,1,1.0,1.0,36.962312,-86.47093919999999,63344764.51579098,1479691.3153786808,2.391804032277165,1479691.3153786808
Kentucky,2015.0,1,1.0,1.0,37.8266306,-84.7017367,65991345.16006111,-509579.3105106056,-0.7662740248612737,-509579.3105106056
Kentucky,2019.0,1,150.0,150.0,37.05044666481538,-88.39390071822639,71271501.22365248,1427121.4062823355,2.04328739121743,1427121.4062823355
Louisiana,2000.0,1,2.5,2.5,30.4537793,-91.1159194,67724190.36357743,28812.05235657096,0.04256132852099774,28812.05235657096
Louisiana,2007.0,1,10.0,10.0,30.387342,-91.092453,77183529.30500562,1398889.8662837446,1.8458752019462497,1398889.8662837446
Louisiana,2014.0,1,6.0,6.0,30.4522872,-91.1155706,84819923.05440705,201762.6679955274,0.23843896756224875,201762.6679955274
Louisiana,2016.0,1,2.2,2.2,32.510911,-93.7500758,86865284.11050151,1823086.8848267943,2.143743863988963,1823086.8848267943
Maryland,1998.0,1,80.0,80.0,38.9938559,-77.0276946,43530486.73426566,-318629.5665394291,-0.7266499154820572,-318629.5665394291
Maryland,2005.0,1,80.0,80.0,39.2753703,-76.6255517,49629227.05862586,1849929.1127616316,3.871821463048017,1849929.1127616316
Maryland,2012.0,2,160.0,80.0,39.101488700000004,-76.8830304,53211402.90283088,541526.5024541169,1.0281522180489553,270763.25122705847
Maryland,2014.0,1,80.0,80.0,39.2919659,-76.6203816,55953259.22586549,460519.95363684744,0.8298742496341586,460519.95363684744
Maryland,2018.0,1,80.0,80.0,39.2134365,-76.6828547,58503696.436134346,-520620.9032561332,-0.8820447685359192,-520620.9032561332
Massachusetts,1999.0,4,12.2,3.05,42.266959275,-71.75808375,39077775.77858947,156408.7258677259,0.4018582534777343,39102.18146693148
Massachusetts,2005.0,1,11.6,11.6,42.3013161,-71.2190293,42530103.95919547,-235043.50169833004,-0.5496146176352213,-235043.50169833004
Massachusetts,2013.0,1,2.2,2.2,42.3028621,-71.2210018,49422047.47866815,1421486.6209211275,2.961395857714665,1421486.6209211275
Massachusetts,2017.0,1,3.6,3.6,42.3376904,-71.6394718,51121585.58505072,626804.9466171041,1.241326209742988,626804.9466171041
Massachusetts,2020.0,1,3.6,3.6,42.58219197767967,-71.80123688217682,53067942.4849356,858651.7863845751,1.6446340773758215,858651.7863845751
Michigan,1995.0,1,1.5,1.5,41.9369244,-83.4041104,69994131.42138267,-776685.5463290513,-1.0974658476578054,-776685.5463290513
Michigan,2005.0,1,1.0,1.0,42.537172,-83.0998681,83730708.16590612,3597263.9504063874,4.489091896178088,3597263.9504063874
Michigan,2006.0,4,4.6,1.15,42.548922875,-83.91718465,83899406.04231142,168697.8764052987,0.20147671039761963,42174.46910132468
Michigan,2008.0,2,3.0,1.5,42.372755600000005,-83.45928525,83436470.2501453,-1101703.8860173821,-1.303202839752496,-550851.9430086911
Michigan,2011.0,1,1.5,1.5,42.4668463,-83.2346439,90393714.42125228,2872615.9897195697,3.282198282699573,2872615.9897195697
Michigan,2012.0,2,3.0,1.5,42.6829817,-84.3855329,91455782.82799262,1062068.4067403376,1.1749361264112816,531034.2033701688
Michigan,2014.0,5,9.4,1.8800000000000001,42.469840683113475,-84.23533546377351,92382126.52489384,-837376.7113631219,-0.8982848892048494,-167475.34227262437
Michigan,2015.0,1,20.0,20.0,42.4716648,-83.2380381,97033976.3033087,4651849.77841486,5.035443492590902,4651849.77841486
Michigan,2019.0,1,1.5,1.5,42.56279,-83.1799,103192805.36990194,2428213.757028222,2.4097887146281973,2428213.757028222
Michigan,2020.0,1,4.5,4.5,42.2353124,-83.4441197,101776746.70990378,-1416058.6599981636,-1.372245530996275,-1416058.6599981636
Minnesota,2001.0,1,1.35,1.35,44.8626944,-93.3305488,52945123.59652204,933031.560429804,1.7938743163461963,933031.560429804
Minnesota,2004.0,1,7.2,7.2,44.865168,-93.4669018,54798537.62334477,1419463.5971487015,2.6592136020420516,1419463.5971487015
Minnesota,2010.0,1,5.4,5.4,44.8772254,-93.4073773,61329678.53536161,3600888.8582437932,6.237596316125594,3600888.8582437932
Minnesota,2012.0,2,1.3,0.65,46.8115191,-92.1133385,61759366.89968034,914186.9686271921,1.50248050817354,457093.48431359604
Minnesota,2014.0,1,5.0,5.0,44.838426,-93.1458016,63895597.090766385,224535.78009378165,0.35264965821473554,224535.78009378165
Minnesota,2015.0,1,30.0,30.0,44.9715259,-93.2703388,64262435.211710736,366838.12094435096,0.5741211251586583,366838.12094435096
Minnesota,2021.0,1,9.0,9.0,45.1437611,-93.3871665,72228992.05083555,3851460.617395088,5.632640630122992,3851460.617395088
Missouri,2003.0,2,12.0,6.0,37.23119970779098,-93.21257829666138,60351714.12913501,556542.583536841,0.9307483683903085,278271.2917684205
Missouri,2006.0,3,107.8,35.93333333333333,39.038932100000004,-94.52726036666667,65048612.19040144,1298556.7963271886,2.036950067415774,432852.2654423962
Missouri,2011.0,1,6.0,6.0,38.6297652,-90.1964459,68521106.98330317,1252684.632178843,1.8622179447588987,1252684.632178843
Missouri,2024.0,1,15.0,15.0,39.16575620561504,-91.87113858465726,83444219.80601722,1630575.8347059935,1.9930365591315933,1630575.8347059935
Montana,2009.0,1,2.0,2.0,45.7426697,-108.6031326,12232355.898821738,-2055.281177151948,-0.016799183441798746,-2055.281177151948
Nebraska,2006.0,1,15.0,15.0,41.2437917,-96.0172896,25271170.11925829,889560.3675591052,3.6484890727820405,889560.3675591052
Nebraska,2010.0,1,15.0,15.0,41.1346075,-96.0391842,26557475.190714333,1245817.0365121737,4.9219100104879825,1245817.0365121737
Nebraska,2011.0,1,15.0,15.0,41.2480242,-96.0282367,27349913.49880093,792438.3080865964,2.9838616148408112,792438.3080865964
Nebraska,2024.0,1,15.0,15.0,40.84289780607994,-97.99159193966044,33029724.05214904,618406.1006840356,1.9079943049834645,618406.1006840356
Nevada,2009.0,1,20.0,20.0,39.4693602,-119.7699757,30402409.434392557,-156143.13467954472,-0.5109637779034569,-156143.13467954472
Nevada,2010.0,1,20.0,20.0,36.06598,-115.138266,31480147.83012003,1077738.3957274742,3.5449111296695075,1077738.3957274742
Nevada,2012.0,1,3.55,3.55,36.05966,-115.1470449,33335292.46791899,921143.1403099485,2.841793350798679,921143.1403099485
New Hampshire,2000.0,1,2.0,2.0,42.9721839,-71.470491,8158750.720670771,-30717.929467589594,-0.37509062895149636,-30717.929467589594
New Jersey,2006.0,1,20.0,20.0,40.831772,-74.448799,61055841.38891355,-310565.89108819515,-0.5060845254817503,-310565.89108819515
New Jersey,2007.0,2,40.0,20.0,40.7860205,-74.073953,61650274.50750766,594433.11859411,0.9735892669264673,297216.559297055
New Jersey,2010.0,7,157.4,22.485714285714288,40.66522304285714,-74.39761310000002,64953145.17225424,2902399.1527460963,4.677460528570617,414628.45039229945
New Jersey,2012.0,1,20.0,20.0,40.5495735,-74.4557503,66230318.94243397,469581.85247784853,0.7140763216134471,469581.85247784853
New Jersey,2013.0,1,30.0,30.0,40.8305887,-74.1245449,67157434.24611779,927115.3036838174,1.3998351789452306,927115.3036838174
New Jersey,2014.0,1,0.281,0.281,40.761979,-74.026033,70861176.45045199,3703742.2043341994,5.51501445210186,3703742.2043341994
New Jersey,2015.0,1,20.0,20.0,40.77750539619046,-74.07271387500744,70343966.91430923,-517209.5361427516,-0.7298912635248135,-517209.5361427516
New Jersey,2016.0,2,24.0,12.0,40.616425899999996,-74.32251015,71274685.250703,930718.3363937736,1.3230961761476216,465359.1681968868
New Jersey,2024.0,1,15.0,15.0,40.78505169854645,-74.06526748830495,82098577.81659776,1421856.436613366,1.762412269973732,1421856.436613366
New Mexico,2001.0,2,13.6,6.8,35.084715,-106.648772,14903634.544286784,246360.87369976565,1.6808096733169544,123180.43684988283
New Mexico,2013.0,1,6.8,6.8,36.3876872,-105.5880244,18161831.675870284,224216.26586979628,1.2499781088226052,224216.26586979628
New York,1995.0,1,4.5,4.5,40.8057779,-73.410093,101519358.34257616,1083515.8432928175,1.0788139137684327,1083515.8432928175
New York,1997.0,2,6.5,3.25,41.847409400000004,-76.0568038,103993241.02457924,2859139.7539498806,2.8270778283765807,1429569.8769749403
New York,1999.0,2,6.5,3.25,41.8260272,-73.61841505,106496849.56851572,1095267.9528633356,1.0391380623274116,547633.9764316678
New York,2000.0,3,13.5,4.5,40.912491966666664,-73.59285503333332,110118542.49136434,3621692.922848627,3.4007512311606716,1207230.9742828757
New York,2001.0,2,5.5,2.75,40.914740949999995,-73.9088731,110762023.25907384,643480.7677094936,0.584352783056456,321740.3838547468
New York,2002.0,2,8.5,4.25,40.7247625,-73.81949814999999,110557683.1225395,-204340.13653433323,-0.18448573845241067,-102170.06826716661
New York,2004.0,2,9.0,4.5,40.717636165036815,-74.00737133200627,116689714.71270975,3838485.7810999304,3.401368170679056,1919242.8905499652
New York,2005.0,1,4.5,4.5,42.884419,-78.875427,115584660.88660382,-1105053.8261059374,-0.9470019091456188,-1105053.8261059374
New York,2007.0,1,4.5,4.5,41.0864607,-73.8173181,121108455.016873,90063.99982856214,0.07442174620870423,90063.99982856214
New York,2008.0,3,13.5,4.5,42.229425666666664,-77.17664116666667,119167872.32187378,-1940582.694999218,-1.6023511279446618,-646860.8983330727
New York,2009.0,1,2.0,2.0,40.930513,-73.1137812,121496825.96294184,2328953.641068056,1.9543469189225142,2328953.641068056
New York,2010.0,3,10.5,3.5,42.1676584,-77.2475086,128310112.72387856,6813286.760936722,5.607789921207379,2271095.586978907
New York,2011.0,2,19.5,9.75,41.801074,-76.44186644999999,127782402.58061431,-527710.143264249,-0.4112771254436299,-263855.0716321245
New York,2014.0,2,5.9399999999999995,2.9699999999999998,43.78045305,-76.92761285,133184894.93775482,385706.2989194691,0.29044326465611736,192853.14945973456
New York,2016.0,1,6.0,6.0,40.8225574,-73.2919119,140148834.88269007,1627939.945327878,1.175230600454911,1627939.945327878
New York,2017.0,1,12.0,12.0,41.034512,-73.9758403,141469595.55110964,1320760.6684195697,0.9423986075411164,1320760.6684195697
New York,2018.0,1,0.5,0.5,40.8225911,-73.2916469,144688219.143463,3218623.592353344,2.2751345119881474,3218623.592353344
New York,2019.0,1,100.0,100.0,43.0831175,-79.0030939,146955359.5090085,2267140.3655455112,1.5669142788312083,2267140.3655455112
New York,2021.0,3,166.5,55.5,42.25224830254377,-76.93270788869124,151216362.94634005,5955692.129317313,4.100003184495401,1985230.7097724378
North Carolina,1993.0,1,1.0,1.0,36.1812299,-80.2823575,90298495.81576969,1302807.3726509511,1.4638994264128151,1302807.3726509511
North Carolina,1999.0,2,3.6,1.8,35.197538,-80.88182835,95969050.9133698,-816029.3019378781,-0.8431354296783582,-408014.65096893907
North Carolina,2000.0,3,6.5,2.1666666666666665,35.16602126666667,-80.18475793333333,100004517.12565827,4035466.212288469,4.20496626139529,1345155.4040961564
North Carolina,2002.0,1,3.5,3.5,36.0559097,-80.2274853,101763629.6900824,202245.97104528546,0.199136683293707,202245.97104528546
North Carolina,2011.0,4,19.8,4.95,35.500964831495764,-80.13094500092556,117622841.19714534,2837803.611585498,2.4722765887237017,709450.9028963745
North Carolina,2012.0,1,2.5,2.5,35.1938069,-80.9384415,116209497.12080856,-1413344.0763367862,-1.2015898119378938,-1413344.0763367862
North Carolina,2013.0,2,33.0,16.5,35.7132043,-79.9094619,121087790.62647654,4878293.5056679845,4.197844088935889,2439146.7528339922
North Carolina,2015.0,1,2.4,2.4,35.5051704,-80.6227366,125745037.49437386,3910148.9440472573,3.2093836097137998,3910148.9440472573
North Carolina,2018.0,1,105.0,105.0,35.18557054286533,-83.91614842883564,131328971.3618999,3464083.201166317,2.709174700729229,3464083.201166317
North Dakota,2018.0,1,1.75,1.75,46.8365002,-96.8658885,17579895.725965124,241907.3626753129,1.395244693943329,241907.3626753129
North Dakota,2021.0,1,100.0,100.0,47.90964296602304,-97.11151765887791,18014993.107313484,56863.77778959647,0.31664644321338153,56863.77778959647
Ohio,1995.0,1,2.0,2.0,40.0830527,-82.9384729,102910356.2686782,3456335.9517268836,3.4753104406557336,3456335.9517268836
Ohio,1996.0,1,2.0,2.0,39.994518,-82.854439,101722173.52018727,-1188182.7484909296,-1.1545803469855103,-1188182.7484909296
Ohio,2000.0,1,2.0,2.0,41.1183038,-80.6570664,108569173.51159687,386624.4566732347,0.35738153708778647,386624.4566732347
Ohio,2005.0,1,900.0,900.0,39.912807,-83.72371799999999,119311852.74006976,4928446.009664625,4.308707137286685,4928446.009664625
Ohio,2006.0,1,2.0,2.0,40.9101759,-81.4315421,120662226.9260163,1350374.185946539,1.1318022098679796,1350374.185946539
Ohio,2007.0,1,2.0,2.0,39.9589111,-82.9969172,122444663.33291024,1782436.4068939388,1.477211594964872,1782436.4068939388
Ohio,2008.0,1,1.0,1.0,41.5016139,-81.680445,120905243.05362505,-1539420.2792851925,-1.2572375450122475,-1539420.2792851925
Ohio,2009.0,1,1.5,1.5,40.8325814,-81.4319719,122313261.51767889,1408018.4640538394,1.1645636107189674,1408018.4640538394
Ohio,2010.0,2,3.6,1.8,39.59057005,-83.70896095,127304591.36410916,4991329.846430272,4.0807756939004,2495664.923215136
Ohio,2011.0,3,6.0,2.0,40.4164467,-82.5901743,126668698.34225644,-635893.0218527168,-0.4995051749814527,-211964.34061757228
Ohio,2012.0,6,13.0,2.1666666666666665,40.4548549,-83.06339786666666,128053442.7407031,1384744.3984466642,1.0932017274742265,230790.73307444403
Ohio,2013.0,1,2.0,2.0,39.3848676,-84.566587,134680605.9184817,6627163.177778602,5.175310429722706,6627163.177778602
Ohio,2014.0,1,2.0,2.0,40.1064892,-82.8052757,135064990.3103974,384384.391915679,0.28540441238312797,384384.391915679
Ohio,2016.0,2,2.0,1.0,41.0979125,-81.61109295,138398714.87992463,325895.8882628083,0.2360318929118765,162947.94413140416
Ohio,2017.0,1,2.5,2.5,41.3607758,-81.631047,138426666.94823724,27952.068312615156,0.02019676868883248,27952.068312615156
Oklahoma,1992.0,1,5.625,5.625,36.151702,-95.988297,37937778.98831354,-173311.78569265455,-0.4547541992969208,-173311.78569265455
Oklahoma,2001.0,1,5.625,5.625,36.26252432303883,-95.9100903661328,44338860.4790265,939713.806558527,2.1652817592256324,939713.806558527
Oklahoma,2003.0,1,5.625,5.625,35.5143079,-97.5968398,44201100.17704271,-660393.9789210409,-1.472073080368524,-660393.9789210409
Oklahoma,2004.0,1,5.625,5.625,36.15326283155181,-95.98921136228346,45670162.45754098,1469062.2804982737,3.3235875908384727,1469062.2804982737
Oklahoma,2005.0,1,5.625,5.625,36.1585889,-95.9886351,45658273.80086799,-11888.656672991812,-0.0260315620380036,-11888.656672991812
Oklahoma,2008.0,1,5.625,5.625,35.5135865,-97.5950876,46382259.2307679,-2341681.384319052,-4.80601805756649,-2341681.384319052
Oklahoma,2009.0,1,5.625,5.625,35.46727620284629,-97.64960646629332,47758859.585776985,1376600.3550090864,2.9679458867236717,1376600.3550090864
Oklahoma,2010.0,1,1.25,1.25,35.42515106852714,-97.6000587918491,50212900.78473132,2454041.1989543363,5.13839991205563,2454041.1989543363
Oklahoma,2013.0,1,10.0,10.0,35.5353195,-97.5217825,51234787.58607853,-375303.45003400743,-0.7271900562457846,-375303.45003400743
Oklahoma,2014.0,1,5.625,5.625,36.6257567,-95.0925005,52675243.548939645,1440455.9628611133,2.8114803061123896,1440455.9628611133
Oklahoma,2018.0,1,5.625,5.625,36.0964147,-95.8400375,55247185.04442814,112206.77694191784,0.20351287053664724,112206.77694191784
Oregon,1995.0,1,1.2,1.2,45.475963,-122.776797,30433162.03168371,-375123.8164542131,-1.2176069071265316,-375123.8164542131
Oregon,1997.0,1,18.0,18.0,44.5109314,-123.2769639,31379057.92203399,-649687.7797352113,-2.028452146658131,-649687.7797352113
Oregon,2011.0,1,0.9,0.9,44.0860672,-121.2829166,39398215.62118631,-769430.3949580863,-1.915547639134324,-769430.3949580863
Oregon,2012.0,3,58.0,19.333333333333332,45.54741532053898,-122.89574082524364,40317052.84135675,918837.2201704383,2.3321797844985026,306279.0733901461
Oregon,2015.0,1,18.0,18.0,45.5570103,-122.9211116,43003123.67678974,2572462.8377632275,6.362653452550313,2572462.8377632275
Oregon,2016.0,1,2.0,2.0,44.047105,-121.328075,41820901.42257635,-1182222.2542133853,-2.7491543709683377,-1182222.2542133853
Oregon,2020.0,1,36.0,36.0,45.5604163,-122.9376545,46002898.38551845,824024.0402234346,1.8239145002275816,824024.0402234346
Oregon,2021.0,1,54.0,54.0,45.568047,-122.9169313,45094229.43196325,-908668.9535551965,-1.9752428334846885,-908668.9535551965
Pennsylvania,2000.0,1,5.5,5.5,40.4652826,-79.946724,105879439.69047049,2521297.012380734,2.4393791790873656,2521297.012380734
Pennsylvania,2001.0,1,5.5,5.5,39.9893611,-74.88954009999999,108357230.84113364,2477791.1506631523,2.3402004750939027,2477791.1506631523
Pennsylvania,2005.0,2,10.5,5.25,40.04083335,-75.29089225,114835353.72006398,257224.8903927654,0.2244973739928578,128612.4451963827
Pennsylvania,2006.0,2,106.0,53.0,40.5686119,-77.80939219999999,116185849.18329737,1350495.4632333815,1.176027607774437,675247.7316166908
Pennsylvania,2007.0,1,2.0,2.0,40.355377,-75.984699,118047789.34699409,1861940.1636967212,1.602553302992418,1861940.1636967212
Pennsylvania,2008.0,1,16.0,16.0,40.5443278,-75.6543079,119105412.61549205,1057623.2684979588,0.8959280596006262,1057623.2684979588
Pennsylvania,2009.0,1,5.5,5.5,40.3175212,-76.8547797,116397658.43911068,-2707754.1763813645,-2.2734098450444113,-2707754.1763813645
Pennsylvania,2010.0,1,5.5,5.5,39.8924992,-75.1655079,125901733.28413416,9504074.845023483,8.165177008260184,9504074.845023483
Pennsylvania,2011.0,2,8.5,4.25,40.56678205,-77.0684002,126337621.86306576,435888.57893159986,0.34621332650591036,217944.28946579993
Pennsylvania,2013.0,2,21.0,10.5,40.51902842867878,-77.74662594521484,130916925.81092171,3400396.60881947,2.666632028095861,1700198.304409735
Pennsylvania,2014.0,2,42.0,21.0,40.1535174,-74.7426452,131623850.86507444,706925.0541527271,0.53997987637879,353462.52707636356
Pennsylvania,2017.0,1,1.5,1.5,40.7523755,-79.6373443,137278455.7572888,-570674.8733506203,-0.4139851087488669,-570674.8733506203
Pennsylvania,2018.0,1,1.0,1.0,39.9605975,-75.1604395,138527533.41461712,1249077.6573283076,0.9098861510627008,1249077.6573283076
Rhode Island,2000.0,2,13.6,6.8,41.8289938,-71.42015845,6027850.012751531,235034.40504553076,4.057343111920772,117517.20252276538
South Carolina,1996.0,1,2.5,2.5,32.73063151069019,-80.05915939807892,56024778.650606245,1632769.0935754552,3.001854696807026,1632769.0935754552
South Carolina,2007.0,1,13.3,13.3,34.8079545,-82.3445036,64114136.73204768,1159832.0300717354,1.842339512067285,1159832.0300717354
South Carolina,2010.0,1,2.0,2.0,33.987031,-81.030436,67571128.56415646,1388366.9618013576,2.0977773187269855,1388366.9618013576
South Carolina,2011.0,1,1.3,1.3,32.9664769,-80.1109129,69112781.89946401,1541653.3353075534,2.281526693525337,1541653.3353075534
South Carolina,2013.0,1,0.5,0.5,34.697807,-82.9432303,70179863.51930353,1336649.4960410148,1.9415849695648337,1336649.4960410148
South Carolina,2018.0,1,13.6,13.6,34.9965805,-82.0348432,77108999.49379699,194599.0769982189,0.2530073379545149,194599.0769982189
South Carolina,2021.0,1,3.0,3.0,36.45663572314526,-111.621094,80235022.70206508,2955184.3171381503,3.8240042666995864,2955184.3171381503
South Dakota,2005.0,1,6.8,6.8,43.5955224,-96.7171664,10396894.483812569,77400.30287547596,0.7500396968918819,77400.30287547596
South Dakota,2012.0,1,6.8,6.8,43.60695260861166,-96.80919287742653,11621724.915361034,165831.30739049986,1.4475632636385636,165831.30739049986
Tennessee,2001.0,1,10.0,10.0,35.039048,-89.7186456,74215894.27123675,-975077.5647776723,-1.2968013858156264,-975077.5647776723
Tennessee,2002.0,1,6.2,6.2,35.0473205,-85.3107537,76627279.56749173,2411385.2962549776,3.249149417296099,2411385.2962549776
Tennessee,2013.0,1,2.4,2.4,35.9245231,-86.8555194,88564431.43761349,761742.2002223432,0.8675613547129855,761742.2002223432
Tennessee,2014.0,1,6.2,6.2,35.6920634,-85.7607224,91832651.66540276,3268220.227789268,3.6902175904459633,3268220.227789268
Tennessee,2018.0,1,2.0,2.0,35.8407381,-84.2658246,96599425.48542012,1107371.1764627248,1.1596474538917219,1107371.1764627248
Tennessee,2020.0,1,86.0,86.0,35.9420515,-83.8352896,98074800.59773396,-1879223.6370318383,-1.8800880218869775,-1879223.6370318383
Texas,1994.0,2,19.2,9.6,30.2070175,-97.708914,291641362.6774622,6095245.5304425955,2.13459233532646,3047622.7652212977
Texas,1997.0,1,9.6,9.6,30.674497,-96.373633,307264216.41730314,7364077.209226668,2.455509766908554,7364077.209226668
Texas,1998.0,1,6.7,6.7,32.9799672,-96.8534887,300389779.70447874,-6874436.712824404,-2.2373046861688772,-6874436.712824404
Texas,1999.0,1,4.5,4.5,32.93394,-96.827985,307103486.0686328,6713706.364154041,2.2349982648407463,6713706.364154041
Texas,2000.0,4,29.1,7.275,32.099448525,-96.480266225,309334387.7763172,2230901.7076843977,0.7264332086369826,557725.4269210994
Texas,2001.0,2,22.2,11.1,31.59590865,-97.474131,322172523.45834583,12838135.682028651,4.150245232777689,6419067.841014326
Texas,2003.0,1,9.6,9.6,30.2154948,-97.6960608,326578074.0883198,-3685139.2610921264,-1.1158188717776818,-3685139.2610921264
Texas,2004.0,1,2.0,2.0,30.2635804,-97.7303162,340633971.8057484,14055897.717428625,4.303993082409858,14055897.717428625
Texas,2005.0,3,19.0,6.333333333333333,31.738226733333335,-97.39676753333333,333957636.1628781,-6676335.642870307,-1.9599735186358884,-2225445.2142901025
Texas,2006.0,1,9.6,9.6,29.9973255,-95.5640711,351031784.6965422,17074148.533664107,5.1126689989315555,17074148.533664107
Texas,2007.0,2,11.0,5.5,29.704485849999998,-95.46544055,348132944.5301058,-2898840.166436374,-0.8258056087263852,-1449420.083218187
Texas,2008.0,5,25.7,5.14,32.908563459999996,-96.8396124,339303499.34814394,-8829445.181961894,-2.5362279901086295,-1765889.0363923789
Texas,2009.0,3,21.2,7.066666666666666,32.9418143,-96.75134053333333,349774945.4388179,10471446.090673983,3.0861591792573018,3490482.030224661
Texas,2010.0,1,9.6,9.6,31.7591246,-106.4860513,362645753.2350303,12870807.796212375,3.679739776691272,12870807.796212375
Texas,2011.0,6,111.2,18.533333333333335,30.4492193,-97.08402293333334,368503177.74395007,5857424.5089197755,1.615191810925078,976237.4181532959
Texas,2012.0,3,20.8,6.933333333333334,32.96771366666667,-96.71269826666666,374369023.30476826,5865845.560818195,1.5918032503084698,1955281.853606065
Texas,2013.0,1,5.7,5.7,32.9662417,-96.7111853,387577971.717228,13208948.412459731,3.5283230155788083,13208948.412459731
Texas,2014.0,4,60.6,15.15,32.90162152,-96.795850835,389289280.6972461,1711308.9800180793,0.44153927851880825,427827.2450045198
Texas,2015.0,1,13.5,13.5,32.9841609,-96.6982857,391532993.4954862,2243712.798240125,0.576361310083203,2243712.798240125
Texas,2016.0,2,19.0,9.5,33.11535437984455,-96.64745976102145,402195528.6338159,10662535.138329685,2.7232788335761566,5331267.569164842
Texas,2017.0,6,80.8,13.466666666666667,31.92283148157787,-96.8420914896812,409948767.9103954,7753239.276579499,1.9277288593724116,1292206.5460965831
Texas,2018.0,3,46.25,15.416666666666666,29.1007196677274,-98.65563294241674,416954840.1297965,7006072.219401121,1.709011654093439,2335357.4064670405
Texas,2019.0,3,597.6,199.20000000000002,31.997363718268307,-96.94253488869451,429789403.7120285,12834563.582231998,3.0781663496786957,4278187.8607439995
Texas,2020.0,2,10.6,5.3,29.500352765614824,-97.52661446738242,426608647.2075933,-3180756.5044351816,-0.7400732723895589,-1590378.2522175908
Texas,2021.0,1,9.6,9.6,29.45084649296246,-98.63868482326588,447166893.62753195,20558246.419938624,4.818994306492506,20558246.419938624
Texas,2022.0,2,359.0,179.5,32.37745859224208,-100.51471553057544,467478752.8826413,20311859.25510937,4.542344154848849,10155929.627554685
Texas,2023.0,4,738.3,184.575,30.93058981635509,-98.70376438679094,438750387.8493776,-28728365.033263743,-6.145384117698261,-7182091.258315936
Texas,2024.0,6,1103.6,183.9333333333333,31.937041579905664,-97.45335444626102,451533536.4856132,12783148.636235654,2.9135355751808687,2130524.7727059424
Utah,2001.0,1,27.0,27.0,40.7609528,-111.8893002,22700114.747505307,23817.846861191094,0.10503411101710593,23817.846861191094
Utah,2002.0,1,6.0,6.0,40.2760746,-111.6753697,23240329.106710188,540214.3592048809,2.3797869095100026,540214.3592048809
Utah,2008.0,1,4.0,4.0,37.0815164,-113.6071645,24669747.63396344,36915.068102024496,0.1498612390731913,36915.068102024496
Utah,2021.0,2,248.0,124.0,40.57925839124371,-112.00785818209954,30045641.30503324,543789.7523388788,1.8432394026781527,271894.8761694394
Vermont,2011.0,1,6.8,6.8,44.450544,-73.127403,4333457.735278428,11612.889111476019,0.26870212894790757,11612.889111476019
Virginia,1996.0,1,30.0,30.0,37.6119888,-77.3392405,81324271.98956834,2222147.1640153825,2.809212987534749,2222147.1640153825
Virginia,1999.0,2,60.0,30.0,38.9744565,-77.34907855,84160131.09552905,1811845.0633818954,2.200221948365248,905922.5316909477
Virginia,2000.0,1,12.6,12.6,39.022193,-77.455587,84523825.53309612,363694.4375670701,0.43214575931951127,363694.4375670701
Virginia,2001.0,2,39.0,19.5,39.00230724547398,-77.48440851037964,84399703.20908403,-124122.3240120858,-0.14684891890450996,-62061.1620060429
Virginia,2007.0,1,36.4,36.4,39.0178075,-77.4624887,94073704.68618152,2630040.318712175,2.8761318095732387,2630040.318712175
Virginia,2009.0,1,36.4,36.4,39.0201312,-77.4632058,93688679.72222842,2693057.6507737786,2.9595463929671753,2693057.6507737786
Virginia,2010.0,3,66.9,22.3,38.142865122929415,-77.7978432063694,99236582.02826828,5547902.306039855,5.92163570080022,1849300.7686799516
Virginia,2011.0,4,58.3,14.575,38.70095015,-77.7565821,99095609.1874627,-140972.84080557525,-0.14205733200828913,-35243.21020139381
Virginia,2012.0,1,0.83,0.83,38.9343841,-77.428724,101866624.62687516,2771015.4394124597,2.7963049646028524,2771015.4394124597
Virginia,2013.0,1,26.4,26.4,39.0005693,-77.4805131,103930964.11967725,2064339.4928020835,2.0265121185309747,2064339.4928020835
Virginia,2014.0,2,41.7,20.85,38.400179699999995,-78.45473675,106039274.90371253,2108310.7840352803,2.028568484756425,1054155.3920176402
Virginia,2017.0,4,163.3,40.825,38.95376221062574,-77.48288250562982,112879610.68509814,1624126.4265710562,1.4598169585932808,406031.60664276406
Virginia,2018.0,1,30.0,30.0,36.7842314,-76.0086242,119605395.1865202,6725784.5014220625,5.958369683064446,6725784.5014220625
Virginia,2019.0,3,142.0,47.333333333333336,38.930335189286914,-77.4857107412186,122229973.5198978,2624578.3333775997,2.1943645011035384,874859.4444591999
Virginia,2020.0,2,150.0,75.0,39.003543,-77.45533745,120850445.2577016,-1379528.262196198,-1.1286333641982054,-689764.131098099
Virginia,2021.0,2,78.0,39.0,39.000318,-77.442395,127849442.92066409,6998997.662962481,5.79145376588213,3499498.8314812407
Virginia,2023.0,2,80.4,40.2,39.01918577083083,-77.46326453347207,132974256.60181436,3675738.978224799,2.8428314924116247,1837869.4891123995
Virginia,2024.0,2,132.0,66.0,38.87475995,-77.5800015,119006881.88797946,-13967374.713834897,-10.503818611793104,-6983687.356917448
Washington,1994.0,1,2.0,2.0,47.6554241,-117.4042987,63676188.74183703,758652.400984697,1.2057884734626907,758652.400984697
Washington,1995.0,1,2.0,2.0,47.6143677,-122.3388981,62906929.166652046,-769259.575184986,-1.208080430667423,-769259.575184986
Washington,1999.0,2,10.15,5.075,47.37324785,-122.36527045,66907214.091797456,258232.5032452941,0.3874515365282774,129116.25162264705
Washington,2001.0,2,3.0,1.5,47.3724665,-122.364521,70236325.3954064,-20296.617721155286,-0.028889259317595478,-10148.308860577643
Washington,2002.0,2,4.0,2.0,46.062514449999995,-118.35327815,70583402.60105224,347077.20564584434,0.49415626983888866,173538.60282292217
Washington,2003.0,2,3.0,1.5,47.7329508,-119.64364265,71906296.06058319,1322893.4595309496,1.8742273831826126,661446.7297654748
Washington,2007.0,1,2.0,2.0,47.2381244,-119.885198,77920108.52540517,2370772.6042295843,3.138045590107014,2370772.6042295843
Washington,2011.0,1,2.0,2.0,47.6719509,-117.095966,80388722.21327391,-872788.6351429075,-1.074049234416753,-872788.6351429075
Washington,2017.0,1,7.0,7.0,47.1608567,-122.2793217,90246841.8046799,1298936.6156772822,1.4603341280687976,1298936.6156772822
Washington,2018.0,1,13.0,13.0,47.41402423123076,-120.2106899118301,91376196.9360456,1129355.1313657016,1.2514068179914268,1129355.1313657016
Washington,2021.0,1,0.03,0.03,47.2300411,-120.0012802,92812635.02894492,2384696.7594491094,2.6371238856979917,2384696.7594491094
Wisconsin,1996.0,1,6.0,6.0,43.039034,-87.906925,47537522.742683515,662836.4803666994,1.4140606225231687,662836.4803666994
Wisconsin,2001.0,1,5.0,5.0,42.6038114,-87.8222072,52018513.358212106,1685014.1818702891,3.347699264791616,1685014.1818702891
Wisconsin,2004.0,2,12.0,6.0,43.10748875,-87.9431102,54624740.035579786,381374.2521380335,0.7030799926033557,190687.12606901675
Wisconsin,2007.0,1,1.0,1.0,44.8158887,-91.4954639,56919364.943812706,624150.9007667005,1.1087104141560684,624150.9007667005
Wisconsin,2008.0,1,6.0,6.0,42.9947196,-89.4232738,55813897.80466234,-1105467.1391503662,-1.9421635154250498,-1105467.1391503662
Wisconsin,2013.0,1,8.6,8.6,43.0443788,-87.9476045,61841988.02062308,1338120.5796286687,2.2116281755602696,1338120.5796286687
Wisconsin,2015.0,1,18.0,18.0,43.0491799,-89.2972543,64889114.049508736,2002450.9875036925,3.1842220432801693,2002450.9875036925
Wisconsin,2016.0,1,0.25,0.25,44.51529,-88.01125,65618209.37730349,729095.327794753,1.1236019145499072,729095.327794753
Wisconsin,2024.0,1,20.0,20.0,44.2046514,-88.3447611,72171047.44697209,-731975.6804169118,-1.0040402290833332,-731975.6804169118
