state,year,num_dcs,total_capacity_mw,avg_capacity_mw,max_capacity_mw,min_capacity_mw,avg_lat,avg_lon,imputation_fraction,total_consumption_mwh,yoy_change_mwh,yoy_change_pct,prev_consumption,capacity_per_dc,consumption_per_capita,normalized_change,impact_per_mw
Alabama,1999.0,1,4.5,4.5,4.5,4.5,30.6747733,-88.118332,1.0,64907579.92794984,1230557.4624738172,1.932498434801961,63677022.46547602,4.5,64.90757992794984,0.01932498434801961,273457.2138830705
Alabama,2007.0,1,4.5,4.5,4.5,4.5,34.7454409,-86.691892,0.0,72586185.35394503,1702867.7289257497,2.402353312431158,70883317.62501928,4.5,72.58618535394503,0.02402353312431158,378415.0508723888
Alabama,2018.0,1,4.5,4.5,4.5,4.5,32.3381325,-86.2585214,1.0,85733989.45123096,1530177.5255841762,1.8172307055829555,84203811.92564678,4.5,85.73398945123095,0.01817230705582956,340039.45012981695
Alabama,2024.0,1,4.0,4.0,4.0,4.0,32.60092892087178,-85.512853246259,0.0,95139593.5900388,1467644.145009458,1.5667915034379996,93671949.44502932,4.0,95.1395935900388,0.01566791503438,366911.0362523645
Alaska,2024.0,1,0.15,0.15,0.15,0.15,60.5935199194642,-145.5792856864176,0.0,6492204.675217979,324906.39119279664,5.268212695896095,6167298.284025182,0.15,6.4922046752179785,0.05268212695896095,2166042.6079519778
Arizona,1998.0,1,1.5,1.5,1.5,1.5,33.3552874,-111.8268072,0.0,54462174.14201335,1418786.2279533222,2.6747654773711194,53043387.91406003,1.5,54.462174142013346,0.02674765477371119,945857.4853022149
Arizona,2000.0,1,32.6,32.6,32.6,32.6,33.2748503,-111.8869478,0.0,57247316.184510455,2507684.6864568293,4.581113569509497,54739631.498053625,32.6,57.24731618451045,0.04581113569509497,76922.84314284752
Arizona,2001.0,1,1.0,1.0,1.0,1.0,32.2449504,-110.9691897,0.0,57556639.96728678,309323.78277632594,0.5403288807100802,57247316.184510455,1.0,57.55663996728678,0.005403288807100802,309323.78277632594
Arizona,2002.0,1,36.0,36.0,36.0,36.0,33.3008813,-111.8863212,1.0,57740062.47997528,183422.5126884952,0.3186817590337905,57556639.96728678,36.0,57.740062479975286,0.0031868175903379046,5095.069796902644
Arizona,2007.0,1,5.8,5.8,5.8,5.8,33.6444482,-111.8957046,0.0,62970640.52619802,703422.3830870911,1.1296833294694342,62267218.14311093,5.8,62.970640526198025,0.011296833294694341,121279.72122191227
Arizona,2010.0,3,97.0,32.333333333333336,36.0,25.0,33.459433966666666,-111.9694692,0.6666666666666666,64490248.764864065,1976446.142977469,3.1616156114065896,62513802.62188659,32.333333333333336,64.49024876486406,0.03161615611406591,20375.73343275741
Arizona,2011.0,2,67.0,33.5,41.0,26.0,33.365302,-111.93050465,0.0,67035977.05299973,2545728.2881356627,3.947462348017241,64490248.764864065,33.5,67.03597705299973,0.03947462348017241,37995.94459903974
Arizona,2012.0,1,9.0,9.0,9.0,9.0,33.2708361,-111.881638,0.0,68169810.84615274,1133833.7931530103,1.6913810210546838,67035977.05299973,9.0,68.16981084615274,0.016913810210546838,125981.5325725567
Arizona,2013.0,1,2.0,2.0,2.0,2.0,32.1723445,-110.9542276,0.0,68645881.77587448,476070.92972174287,0.6983603501499382,68169810.84615274,2.0,68.64588177587449,0.0069836035014993825,238035.46486087143
Arizona,2015.0,1,9.0,9.0,9.0,9.0,33.27194984165537,-111.8833673436563,0.0,70530276.4535459,271724.6288653016,0.3867495440887376,70258551.8246806,9.0,70.5302764535459,0.0038674954408873755,30191.625429477957
Arizona,2016.0,2,45.0,22.5,36.0,9.0,33.30948513383328,-111.7428474793618,0.5,71671113.78238572,1140837.3288398236,1.6175143303049797,70530276.4535459,22.5,71.67111378238572,0.016175143303049797,25351.940640884968
Arizona,2017.0,3,207.0,69.0,180.0,9.0,33.39838150245319,-111.95854268156187,0.0,72469438.50761952,798324.7252337933,1.1138723581968304,71671113.78238572,69.0,72.46943850761951,0.011138723581968303,3856.641184704315
Arizona,2018.0,1,9.0,9.0,9.0,9.0,33.26969635033058,-111.8815649027929,0.0,72369894.09624311,-99544.41137640178,-0.1373605390442422,72469438.50761952,9.0,72.36989409624312,-0.0013736053904424218,-11060.490152933531
Arizona,2019.0,3,84.2,28.066666666666666,48.0,0.2,32.731611666666666,-111.76193566666666,0.3333333333333333,73702453.14094546,1332559.044702351,1.84131683670866,72369894.09624311,28.066666666666666,73.70245314094547,0.0184131683670866,15826.116920455475
Arizona,2020.0,2,72.0,36.0,36.0,36.0,33.4926119,-112.4384401,1.0,73084033.82999793,-618419.3109475374,-0.8390756136229256,73702453.14094546,36.0,73.08403382999792,-0.008390756136229256,-8589.157096493574
Arkansas,2000.0,1,0.75,0.75,0.75,0.75,35.2774524,-93.1371524,1.0,36168113.1942617,868849.2601850405,2.4613806730011847,35299263.93407666,0.75,36.1681131942617,0.024613806730011848,1158465.6802467208
Arkansas,2020.0,2,1.5,0.75,0.75,0.75,35.815375,-90.68931,0.0,46707338.63689025,-1421121.0985895991,-2.952766629973745,48128459.73547985,0.75,46.70733863689025,-0.02952766629973745,-947414.0657263994
California,1991.0,1,8.405000000000001,8.405000000000001,8.405000000000001,8.405000000000001,34.1998625,-118.3437949,1.0,173586124.35235897,-2344980.897644609,-1.3328972692533925,175931105.25000358,8.405000000000001,173.58612435235898,-0.013328972692533924,-278998.3221468898
California,1995.0,1,5.0,5.0,5.0,5.0,32.837756,-117.132835,0.0,182638428.30548933,880742.1608327329,0.4845694174010178,181757686.1446566,5.0,182.63842830548933,0.004845694174010178,176148.43216654658
California,1996.0,1,8.405000000000001,8.405000000000001,8.405000000000001,8.405000000000001,33.91773,-118.386525,1.0,189704624.9535099,7066196.6480205655,3.8689539291267465,182638428.30548933,8.405000000000001,189.7046249535099,0.038689539291267463,840713.4619893592
California,1997.0,1,8.405000000000001,8.405000000000001,8.405000000000001,8.405000000000001,33.748108,-117.152151,1.0,191730554.9632199,2025930.0097100437,1.0679391766049615,189704624.9535099,8.405000000000001,191.7305549632199,0.010679391766049614,241038.66861511522
California,1998.0,5,20.475,4.095000000000001,8.405000000000001,0.665,33.7849317,-118.04663104000001,0.4,191094629.15546468,-635925.8077552617,-0.3316768200442817,191730554.9632199,4.095000000000001,191.09462915546467,-0.0033167682004428176,-31058.647509414488
California,1999.0,1,8.405000000000001,8.405000000000001,8.405000000000001,8.405000000000001,33.6321588,-117.734101,1.0,195755713.92695984,4661084.771495163,2.439150065124618,191094629.15546468,8.405000000000001,195.75571392695986,0.02439150065124618,554560.9484229819
California,2000.0,4,32.81,8.2025,10.0,6.0,35.621466250000005,-119.9884037,0.5,203740766.62590027,7985052.698940426,4.0790904841325855,195755713.92695984,8.2025,203.74076662590028,0.04079090484132586,243372.52968425557
California,2001.0,2,12.3,6.15,6.3,6.0,37.3760815,-121.95100640000001,0.0,201354322.57118228,-2386444.054717988,-1.1713139663893923,203740766.62590027,6.15,201.35432257118228,-0.011713139663893923,-194019.84184699086
California,2002.0,1,8.405000000000001,8.405000000000001,8.405000000000001,8.405000000000001,37.4004081,-122.0143135,1.0,203592588.89645845,2238266.325276166,1.111605798522105,201354322.57118228,8.405000000000001,203.59258889645844,0.011116057985221051,266301.7638639103
California,2003.0,1,8.405000000000001,8.405000000000001,8.405000000000001,8.405000000000001,33.7176679,-117.8083267,1.0,209535582.11997485,5942993.223516405,2.919061669056552,203592588.89645845,8.405000000000001,209.53558211997486,0.02919061669056552,707078.3133273532
California,2004.0,1,1.0,1.0,1.0,1.0,32.8299041,-117.1341603,0.0,216901623.0430725,7366040.923097611,3.515412918689867,209535582.11997485,1.0,216.9016230430725,0.03515412918689867,7366040.923097611
California,2005.0,1,1.0,1.0,1.0,1.0,34.0478121,-118.2568332,0.0,213731677.5495863,-3169945.493486166,-1.4614669309582236,216901623.0430725,1.0,213.7316775495863,-0.014614669309582233,-3169945.493486166
California,2006.0,1,8.405000000000001,8.405000000000001,8.405000000000001,8.405000000000001,37.6385301,-120.99852,1.0,220708584.6142732,6976907.064686924,3.2643299040537705,213731677.5495863,8.405000000000001,220.70858461427318,0.032643299040537706,830090.0731334828
California,2007.0,2,15.905000000000001,7.952500000000001,8.405000000000001,7.5,35.8963769,-119.814715,0.5,224815576.11038733,4106991.496114105,1.8608209115616368,220708584.6142732,7.952500000000001,224.81557611038733,0.018608209115616368,258220.15065162556
California,2008.0,3,59.0,19.666666666666668,52.0,1.0,35.59636716666667,-119.46852613333333,0.0,216751047.36328605,-8064528.747101277,-3.587175269004266,224815576.11038733,19.666666666666668,216.75104736328606,-0.03587175269004266,-136686.9279169708
California,2009.0,4,28.01,7.0025,9.0,2.2,35.686891599999996,-120.1216445,0.5,224365238.65906227,7614191.295776218,3.512874049929935,216751047.36328605,7.0025,224.36523865906227,0.03512874049929935,271838.3183068982
California,2011.0,1,52.6,52.6,52.6,52.6,37.3617685,-121.9437734,0.0,237389612.30338165,1341475.8803489506,0.5683060670069559,236048136.4230327,52.6,237.38961230338165,0.005683060670069558,25503.343732869784
California,2013.0,1,9.0,9.0,9.0,9.0,37.376671,-121.953162,0.0,243625360.12447023,2663169.954519689,1.105223169096096,240962190.16995057,9.0,243.62536012447023,0.01105223169096096,295907.7727244099
California,2014.0,1,8.0,8.0,8.0,8.0,38.7909258,-121.317567,0.0,242879661.2263178,-745698.8981524706,-0.3060842671598255,243625360.12447023,8.0,242.87966122631778,-0.0030608426715982556,-93212.36226905882
California,2016.0,4,75.305,18.82625,45.0,5.0,36.963325075,-121.009512575,0.25,252566073.65481985,-9045445.633257983,-3.457586905145963,261611519.28807783,18.82625,252.56607365481986,-0.03457586905145962,-120117.46408947589
California,2018.0,1,6.0,6.0,6.0,6.0,37.3790313,-121.9583275,0.0,257264550.4902245,2296669.0780087113,0.9007679968503968,254967881.4122158,6.0,257.2645504902245,0.009007679968503967,382778.17966811854
California,2019.0,2,31.0,15.5,26.0,5.0,38.615147199999996,-121.34501614999999,0.0,266976988.9521508,9712438.46192628,3.775272746835492,257264550.4902245,15.5,266.9769889521508,0.03775272746835492,313304.46651375096
California,2020.0,1,8.405000000000001,8.405000000000001,8.405000000000001,8.405000000000001,40.872135,-124.0908738,1.0,277138514.85396826,10161525.90181747,3.806142971984256,266976988.9521508,8.405000000000001,277.1385148539683,0.03806142971984256,1208985.8300794135
California,2021.0,1,20.0,20.0,20.0,20.0,37.36751391096377,-121.9638310927645,0.0,268750835.7807071,-8387679.073261142,-3.0265295596611086,277138514.85396826,20.0,268.7508357807071,-0.030265295596611085,-419383.95366305707
California,2022.0,1,8.405000000000001,8.405000000000001,8.405000000000001,8.405000000000001,37.370837,-121.946792,1.0,278295302.5666528,9544466.785945654,3.5514184572559477,268750835.7807071,8.405000000000001,278.29530256665277,0.035514184572559476,1135570.1113558183
California,2023.0,1,0.5,0.5,0.5,0.5,32.5941922,-117.0853841,0.0,279244388.753856,949086.1872032284,0.3410356475477766,278295302.5666528,0.5,279.244388753856,0.003410356475477766,1898172.3744064567
California,2024.0,2,34.0,17.0,33.0,1.0,35.70583115,-120.26907555,0.0,288232234.6382075,8987845.884351492,3.2186307930699223,279244388.753856,17.0,288.2322346382075,0.03218630793069922,264348.4083632792
Colorado,1997.0,2,7.4,3.7,3.7,3.7,38.8355484,-104.8236416,1.0,39715445.381323926,1835392.754034683,4.845275090015171,37880052.62728924,3.7,39.715445381323924,0.04845275090015171,248026.04784252474
Colorado,2000.0,1,12.3,12.3,12.3,12.3,39.777478,-104.96832,0.0,41097196.529757366,1254352.7816620693,3.148251137877261,39842843.7480953,12.3,41.09719652975737,0.03148251137877261,101979.9009481357
Colorado,2001.0,1,3.0,3.0,3.0,3.0,39.7459482,-104.9944892,0.0,41974345.34386783,877148.8141104653,2.134327613990277,41097196.529757366,3.0,41.97434534386783,0.02134327613990277,292382.9380368218
Colorado,2007.0,1,3.7,3.7,3.7,3.7,39.9654525,-105.1242975,1.0,46047387.569035895,686222.7900268659,1.5127979922253163,45361164.77900903,3.7,46.0473875690359,0.015127979922253162,185465.61892617997
Colorado,2008.0,2,5.7,2.85,3.7,2.0,39.27157895,-104.94606139999999,0.5,44858835.1950677,-1188552.3739681914,-2.581150498899142,46047387.569035895,2.85,44.858835195067705,-0.02581150498899142,-208517.96034529674
Colorado,2015.0,1,1.6,1.6,1.6,1.6,39.5590337,-104.8334949,0.0,51344371.04987977,481442.8716471344,0.9465496558909744,50862928.17823263,1.6,51.34437104987977,0.009465496558909743,300901.794779459
Colorado,2024.0,1,16.0,16.0,16.0,16.0,39.5901643,-104.8470028,0.0,57582982.14841492,1209273.6006182134,2.145102090618937,56373708.547796704,16.0,57.58298214841492,0.021451020906189368,75579.60003863834
Connecticut,1995.0,1,32.0,32.0,32.0,32.0,41.2780663,-73.1249517,1.0,19776905.35363969,-81815.74053019285,-0.4119889701971407,19858721.09416988,32.0,19.776905353639687,-0.004119889701971407,-2556.7418915685266
Connecticut,2010.0,1,0.12,0.12,0.12,0.12,41.3080872,-72.7517544,0.0,25283023.638114985,1277265.5919517465,5.320663440394409,24005758.04616324,0.12,25.283023638114987,0.05320663440394408,10643879.932931222
Florida,1995.0,1,2.0,2.0,2.0,2.0,27.9833905,-80.629643,1.0,162282287.18716997,4306611.872186661,2.72612341336717,157975675.3149833,2.0,162.28228718716997,0.0272612341336717,2153305.9360933304
Florida,1997.0,1,3.0,3.0,3.0,3.0,27.9473436,-82.4587643,0.0,167927926.52665523,2123984.277992457,1.281021578369369,165803942.24866277,3.0,167.92792652665523,0.012810215783693691,707994.759330819
Florida,1998.0,1,5.0,5.0,5.0,5.0,30.217209,-81.581937,0.0,167870764.26005507,-57162.26660016179,-0.0340397620470162,167927926.52665523,5.0,167.87076426005507,-0.0003403976204701629,-11432.453320032359
Florida,2000.0,2,15.0,7.5,13.0,2.0,28.318388849999998,-81.9615833,0.5,176140883.66097912,1111175.2617873847,0.6348495189474451,175029708.39919174,7.5,176.1408836609791,0.006348495189474452,74078.35078582565
Florida,2001.0,1,2.0,2.0,2.0,2.0,26.2458867,-81.801808,1.0,177482795.73709822,1341912.076119095,0.7618402089442746,176140883.66097912,2.0,177.48279573709823,0.007618402089442746,670956.0380595475
Florida,2003.0,2,3.0,1.5,2.0,1.0,27.6510755,-80.72464575000001,0.5,181863775.72843307,1306261.8373625278,0.7234602477693557,180557513.89107057,1.5,181.86377572843307,0.007234602477693556,435420.61245417595
Florida,2004.0,1,2.0,2.0,2.0,2.0,27.9495027,-82.4583924,1.0,183318613.62120533,1454837.892772257,0.7999602377906664,181863775.72843307,2.0,183.31861362120534,0.007999602377906662,727418.9463861285
Florida,2006.0,1,3.0,3.0,3.0,3.0,25.7732153,-80.1899214,0.0,192752302.6863475,5870083.447993636,3.1410604347044893,186882219.2383539,3.0,192.75230268634752,0.031410604347044895,1956694.4826645453
Florida,2009.0,1,2.0,2.0,2.0,2.0,25.7758108,-80.1929487,1.0,190000130.72201133,2273517.2482688725,1.2110788162632424,187726613.47374249,2.0,190.00013072201133,0.01211078816263242,1136758.6241344362
Florida,2010.0,1,35.0,35.0,35.0,35.0,26.4075638,-80.0977968,0.0,198771853.40446717,8771722.682455838,4.61669297232733,190000130.72201133,35.0,198.77185340446715,0.046166929723273305,250620.6480701668
Florida,2011.0,2,4.0,2.0,2.0,2.0,26.107395099999998,-80.1756705,0.5,208451477.29017344,9679623.885706276,4.869715565820013,198771853.40446717,2.0,208.45147729017344,0.04869715565820013,2419905.971426569
Florida,2013.0,1,2.0,2.0,2.0,2.0,28.2591624,-80.6948578,1.0,211522557.12884155,1211023.1717307866,0.5758234695667014,210311533.95711076,2.0,211.52255712884156,0.005758234695667014,605511.5858653933
Florida,2016.0,1,2.0,2.0,2.0,2.0,28.023895,-81.7292955,0.0,221178346.01263717,3110326.45693931,1.4263102234231488,218068019.55569783,2.0,221.17834601263718,0.01426310223423149,1555163.228469655
Florida,2018.0,1,2.0,2.0,2.0,2.0,26.184976,-80.28691649999999,1.0,227501958.79816255,5705177.759103358,2.5722545351542574,221796781.0390592,2.0,227.50195879816255,0.025722545351542572,2852588.879551679
Georgia,1995.0,1,38.0,38.0,38.0,38.0,33.755562,-84.391101,1.0,97038491.18736652,3608536.5563798994,3.862290815223308,93429954.63098662,38.0,97.03849118736652,0.03862290815223308,94961.48832578682
Georgia,1997.0,2,9.5,4.75,7.5,2.0,33.12708554,-84.637325365,0.0,99746252.48308931,3664970.100937024,3.814447528250118,96081282.38215227,4.75,99.74625248308931,0.038144475282501186,385786.3264144236
Georgia,1998.0,1,38.0,38.0,38.0,38.0,33.8839421,-84.472222,1.0,102672972.37742744,2926719.894338131,2.9341652658422612,99746252.48308931,38.0,102.67297237742744,0.029341652658422614,77018.94458784554
Georgia,1999.0,1,8.1,8.1,8.1,8.1,34.09479503611276,-84.23574006692277,0.0,102718884.41383123,45912.03640380502,0.04471676950681,102672972.37742744,8.1,102.71888441383123,0.00044716769506810084,5668.152642445064
Georgia,2000.0,1,26.0,26.0,26.0,26.0,34.0352725,-84.0610703,0.0,103480887.63003528,762003.2162040323,0.7418336175985839,102718884.41383123,26.0,103.48088763003528,0.00741833617598584,29307.816007847396
Georgia,2004.0,1,38.0,38.0,38.0,38.0,33.92542846315679,-84.48159144047548,1.0,112272518.14846852,3380250.9545630515,3.1042157920578575,108892267.19390547,38.0,112.27251814846852,0.031042157920578576,88953.97248850136
Georgia,2006.0,1,30.0,30.0,30.0,30.0,34.0370725,-84.05762879999999,0.0,115755635.31341095,4286590.094775066,3.845543026198285,111469045.2186359,30.0,115.75563531341095,0.03845543026198285,142886.3364925022
Georgia,2008.0,2,76.0,38.0,38.0,38.0,33.751151,-84.5859079,1.0,112199312.99655004,-5034980.662893727,-4.294801892627036,117234293.65944377,38.0,112.19931299655003,-0.04294801892627036,-66249.74556439115
Georgia,2009.0,1,30.0,30.0,30.0,30.0,34.0570483,-84.2728648,0.0,113299283.48241682,1099970.485866785,0.98037185477295,112199312.99655004,30.0,113.29928348241683,0.009803718547729498,36665.68286222617
Georgia,2014.0,1,1.6,1.6,1.6,1.6,33.7549598,-84.3898518,0.0,125839776.94026512,-1227380.1838872137,-0.9659303093465672,127067157.12415236,1.6,125.83977694026512,-0.009659303093465674,-767112.6149295085
Georgia,2018.0,1,195.0,195.0,195.0,195.0,34.7131193,-84.9514028,0.0,140354043.022202,9022721.534253389,6.8701977807185495,131331321.4879486,195.0,140.35404302220198,0.0687019778071855,46270.36684232507
Georgia,2023.0,3,260.0,86.66666666666667,220.0,20.0,33.763433,-84.60498,0.0,148605372.70159245,-2169048.298949361,-1.4386049600161066,150774421.0005418,86.66666666666667,148.60537270159244,-0.014386049600161066,-8342.493457497541
Hawaii,2006.0,1,4.2,4.2,4.2,4.2,21.335541,-157.9162977,0.0,7424295.920468329,339911.4857587954,4.798038402509873,7084384.434709534,4.2,7.42429592046833,0.04798038402509873,80931.30613304653
Hawaii,2021.0,1,1.0,1.0,1.0,1.0,21.4809474,-158.0192693,0.0,9059439.215978472,257627.63582452387,2.9269842177196184,8801811.58015395,1.0,9.059439215978472,0.029269842177196186,257627.63582452387
Idaho,2000.0,1,2.0,2.0,2.0,2.0,43.6080104,-116.3101535,0.0,18296692.340458717,289358.3078186773,1.606891432647316,18007334.03264004,2.0,18.296692340458716,0.01606891432647316,144679.15390933864
Idaho,2015.0,1,1.0,1.0,1.0,1.0,43.5799403,-116.2907646,0.0,23621671.245120544,472048.0301154293,2.0391175516388422,23149623.215005115,1.0,23.621671245120545,0.020391175516388423,472048.0301154293
Illinois,1991.0,2,13.4,6.7,6.7,6.7,41.9266672,-87.8587419,0.0,87223323.18945962,-398274.0747580379,-0.4545387064299528,87621597.26421766,6.7,87.22332318945962,-0.004545387064299529,-29721.945877465518
Illinois,1993.0,1,30.0,30.0,30.0,30.0,41.796754,-88.112567,1.0,90024435.36069874,-158968.30490233004,-0.1762722390605066,90183403.66560107,30.0,90.02443536069875,-0.0017627223906050665,-5298.943496744335
Illinois,2000.0,1,70.0,70.0,70.0,70.0,41.853036,-87.61886,0.0,101209328.48217766,-858559.455965817,-0.8411651042354598,102067887.93814348,70.0,101.20932848217765,-0.008411651042354598,-12265.135085225957
Illinois,2006.0,2,60.0,30.0,30.0,30.0,41.96211995,-87.80741735000001,1.0,113313810.92233504,5872472.546844974,5.465747761184465,107441338.37549008,30.0,113.31381092233504,0.05465747761184465,97874.54244741624
Illinois,2007.0,2,42.4,21.2,36.4,6.0,41.8832315,-88.0877533,0.0,110828763.09034172,-2485047.8319933265,-2.1930670337233393,113313810.92233504,21.2,110.82876309034172,-0.021930670337233393,-58609.61867908789
Illinois,2008.0,2,72.8,36.4,36.4,36.4,41.9942995,-87.9623356,0.0,112886508.0481221,2057744.957780376,1.8566885530455768,110828763.09034172,36.4,112.8865080481221,0.018566885530455768,28265.727442038133
Illinois,2009.0,1,30.0,30.0,30.0,30.0,41.9229989,-87.9182329,1.0,112939741.09696388,53233.048841774464,0.0471562543320782,112886508.0481221,30.0,112.93974109696389,0.00047156254332078276,1774.4349613924821
Illinois,2013.0,1,30.0,30.0,30.0,30.0,41.8716165,-87.6428248,1.0,125757911.10333689,3879504.52324751,3.183094226538144,121878406.58008938,30.0,125.75791110333688,0.03183094226538144,129316.81744158367
Illinois,2014.0,1,2.4,2.4,2.4,2.4,41.9268739,-87.8583471,0.0,125408039.63766135,-349871.4656755179,-0.2782103031180472,125757911.10333689,2.4,125.40803963766135,-0.0027821030311804724,-145779.77736479914
Illinois,2015.0,1,3.0,3.0,3.0,3.0,42.00270313594124,-87.95899332617978,0.0,127829898.18881749,2421858.5511561185,1.931182847729332,125408039.63766135,3.0,127.82989818881748,0.019311828477293326,807286.1837187061
Illinois,2016.0,1,42.0,42.0,42.0,42.0,41.8418945,-87.6679234,0.0,130089923.22595732,2260025.037139848,1.767994083670133,127829898.18881749,42.0,130.0899232259573,0.01767994083670133,53810.11993190114
Illinois,2017.0,2,54.0,27.0,27.0,27.0,41.9942329,-87.9648002,0.0,130777195.26802634,687272.042069003,0.5283053637254118,130089923.22595732,27.0,130.77719526802633,0.0052830536372541195,12727.26003831487
Illinois,2020.0,1,18.0,18.0,18.0,18.0,41.8628253,-87.6412923,0.0,136414378.9795408,983795.305315554,0.7264203392064293,135430583.67422524,18.0,136.4143789795408,0.007264203392064293,54655.294739753
Indiana,2005.0,1,3.75,3.75,3.75,3.75,39.7601501,-86.1704701,0.0,78116667.84483892,-474877.6835358739,-0.6042350743241504,78591545.52837479,3.75,78.11666784483891,-0.006042350743241503,-126634.04894289971
Indiana,2009.0,1,22.0,22.0,22.0,22.0,39.775998,-86.04275,1.0,82259112.1729366,495741.7589213848,0.6063127735698244,81763370.41401522,22.0,82.2591121729366,0.006063127735698243,22533.716314608402
Indiana,2012.0,1,10.0,10.0,10.0,10.0,41.659842,-86.2581782,0.0,89404587.29380292,3103111.3781270385,3.595664321151414,86301475.91567588,10.0,89.40458729380292,0.03595664321151414,310311.13781270385
Indiana,2018.0,1,9.771,9.771,9.771,9.771,39.17949,-85.896024,0.0,97968515.10309611,2117062.509084061,2.208691106697235,95851452.59401208,9.771,97.96851510309611,0.02208691106697235,216667.9468922383
Indiana,2020.0,2,42.0,21.0,22.0,20.0,41.3607203,-86.31506095,0.5,97385302.48013856,1212247.4173109978,1.260485503469829,96173055.06282756,21.0,97.38530248013855,0.012604855034698291,28863.03374549995
Iowa,2002.0,1,8.8,8.8,8.8,8.8,42.2840281,-91.0921393,1.0,36344703.93793507,-334368.86106871814,-0.9116066343907137,36679072.79900379,8.8,36.34470393793507,-0.009116066343907136,-37996.4614850816
Iowa,2005.0,1,10.0,10.0,10.0,10.0,41.586182,-93.659333,0.0,39090165.15879173,1825764.3431115744,4.899486649851962,37264400.81568015,10.0,39.09016515879173,0.04899486649851961,182576.43431115744
Iowa,2006.0,1,8.8,8.8,8.8,8.8,41.6668,-93.455687,1.0,39134265.09571677,44099.936925038695,0.1128159391138316,39090165.15879173,8.8,39.13426509571676,0.001128159391138316,5011.356468754397
Iowa,2007.0,1,8.8,8.8,8.8,8.8,42.2530183,-91.1609634,1.0,39123973.93289555,-10291.162821218371,-0.0262970642122642,39134265.09571677,8.8,39.123973932895545,-0.00026297064212264294,-1169.4503205929966
Iowa,2008.0,1,8.8,8.8,8.8,8.8,42.05294137401164,-91.55424356460573,1.0,39209654.44790056,85680.51500501484,0.2189974749292387,39123973.93289555,8.8,39.20965444790056,0.0021899747492923876,9736.422159660777
Iowa,2009.0,1,7.6,7.6,7.6,7.6,41.6166126,-93.8535056,0.0,39713098.37781418,503443.92991361767,1.2839795121953033,39209654.44790056,7.6,39.713098377814184,0.012839795121953032,66242.62235705496
Iowa,2011.0,1,1.0,1.0,1.0,1.0,43.4297871,-95.2983882,0.0,41331506.829705186,206135.46020700785,0.5012367143264125,41125371.36949818,1.0,41.331506829705184,0.005012367143264126,206135.46020700785
Iowa,2012.0,2,12.8,6.4,8.8,4.0,41.798192650000004,-92.75355845,0.5,42902564.2162531,1571057.3865479156,3.801113259724632,41331506.829705186,6.4,42.902564216253104,0.03801113259724632,122738.85832405591
Iowa,2014.0,1,8.8,8.8,8.8,8.8,41.5171402,-93.7043969,1.0,45707480.67100277,2423062.9768823907,5.598002944166977,43284417.69412038,8.8,45.70748067100277,0.05598002944166977,275348.0655548171
Iowa,2016.0,1,8.8,8.8,8.8,8.8,41.4968628,-93.7886638,1.0,47696414.663972415,3103982.4465429187,6.960783012256706,44592432.2174295,8.8,47.69641466397241,0.06960783012256706,352725.27801624074
Iowa,2017.0,1,8.8,8.8,8.8,8.8,41.62026437506193,-93.9243794615756,1.0,45998523.33223112,-1697891.3317412958,-3.5597881805229306,47696414.663972415,8.8,45.998523332231116,-0.035597881805229305,-192942.1967887836
Iowa,2019.0,1,8.8,8.8,8.8,8.8,42.4981043,-96.4039508,1.0,48003127.99714683,1297795.758705765,2.778688634694279,46705332.238441065,8.8,48.00312799714683,0.02778688634694279,147476.79076201873
Kansas,1995.0,1,2.95,2.95,2.95,2.95,38.9357321,-94.7919983,1.0,27667388.1516702,668893.7678057477,2.4775224806814022,26998494.38386445,2.95,27.6673881516702,0.024775224806814024,226743.65010364327
Kansas,2001.0,1,2.95,2.95,2.95,2.95,39.0496359,-94.6526909,1.0,30486319.82878973,770884.2488512732,2.594221601690786,29715435.579938453,2.95,30.48631982878973,0.025942216016907865,261316.6945258553
Kansas,2003.0,1,1.0,1.0,1.0,1.0,37.689269,-97.343345,0.0,31207068.51983135,737222.0544821024,2.4195135191130093,30469846.46534925,1.0,31.20706851983135,0.02419513519113009,737222.0544821024
Kansas,2007.0,1,2.95,2.95,2.95,2.95,38.93119125302246,-94.75309457361034,1.0,33523512.230788108,1507978.1546697803,4.71014524100862,32015534.076118328,2.95,33.52351223078811,0.047101452410086196,511179.0354812814
Kansas,2012.0,1,6.6,6.6,6.6,6.6,38.9407414,-94.7552244,0.0,35497960.15191567,-157461.88062413037,-0.4416211382393054,35655422.0325398,6.6,35.49796015191567,-0.0044162113823930545,-23857.860700625813
Kansas,2016.0,1,13.5,13.5,13.5,13.5,38.94013431829805,-94.86772189232298,0.0,37047985.39748127,303512.40120933205,0.8260083121620119,36744472.99627194,13.5,37.04798539748127,0.008260083121620118,22482.40008958015
Kansas,2023.0,1,10.0,10.0,10.0,10.0,38.9865887,-94.7123953,0.0,41568923.1849868,884299.3290666342,2.1735467733418816,40684623.855920166,10.0,41.5689231849868,0.021735467733418817,88429.93290666342
Kentucky,2001.0,2,7.09,3.545,3.545,3.545,38.1103365,-85.08376675,1.0,53622367.941919826,248365.17077394575,0.4653298570071132,53374002.77114588,3.545,53.622367941919826,0.004653298570071132,35030.34848715737
Kentucky,2008.0,1,3.545,3.545,3.545,3.545,36.8495698,-87.4690246,1.0,57436064.18068037,-2197413.9417852387,-3.684866304917759,59633478.12246561,3.545,57.43606418068037,-0.03684866304917759,-619862.8890790518
Kentucky,2011.0,2,2.0,1.0,1.0,1.0,38.2154584,-85.42883495,0.0,61865073.200412296,-1219405.1176555827,-1.9329717074102135,63084478.31806788,1.0,61.8650732004123,-0.019329717074102137,-609702.5588277914
Kentucky,2012.0,1,3.545,3.545,3.545,3.545,36.962312,-86.47093919999999,1.0,63344764.51579098,1479691.3153786808,2.391804032277165,61865073.200412296,3.545,63.34476451579098,0.023918040322771648,417402.34566394385
Kentucky,2015.0,1,3.545,3.545,3.545,3.545,37.8266306,-84.7017367,1.0,65991345.16006111,-509579.3105106056,-0.7662740248612737,66500924.47057172,3.545,65.99134516006112,-0.007662740248612737,-143745.92680129918
Kentucky,2019.0,1,150.0,150.0,150.0,150.0,37.05044666481538,-88.39390071822639,0.0,71271501.22365248,1427121.4062823355,2.04328739121743,69844379.81737015,150.0,71.27150122365248,0.0204328739121743,9514.142708548903
Louisiana,2000.0,1,2.5,2.5,2.5,2.5,30.4537793,-91.1159194,0.0,67724190.36357743,28812.05235657096,0.0425613285209977,67695378.31122085,2.5,67.72419036357742,0.0004256132852099774,11524.820942628383
Louisiana,2007.0,1,10.0,10.0,10.0,10.0,30.387342,-91.092453,0.0,77183529.30500562,1398889.8662837446,1.8458752019462497,75784639.43872188,10.0,77.18352930500562,0.018458752019462496,139888.98662837446
Louisiana,2014.0,1,6.0,6.0,6.0,6.0,30.4522872,-91.1155706,0.0,84819923.05440705,201762.6679955274,0.2384389675622487,84618160.38641152,6.0,84.81992305440704,0.0023843896756224874,33627.1113325879
Louisiana,2016.0,1,2.2,2.2,2.2,2.2,32.510911,-93.7500758,0.0,86865284.11050151,1823086.8848267945,2.143743863988963,85042197.22567472,2.2,86.86528411050152,0.021437438639889637,828675.856739452
Maryland,1998.0,1,72.0,72.0,72.0,72.0,38.9938559,-77.0276946,1.0,43530486.73426566,-318629.5665394291,-0.7266499154820572,43849116.30080509,72.0,43.530486734265665,-0.007266499154820571,-4425.41064638096
Maryland,2005.0,1,72.0,72.0,72.0,72.0,39.2753703,-76.6255517,1.0,49629227.05862586,1849929.1127616316,3.871821463048017,47779297.94586423,72.0,49.629227058625865,0.03871821463048017,25693.459899467107
Maryland,2012.0,2,152.0,76.0,80.0,72.0,39.101488700000004,-76.8830304,0.5,53211402.90283088,541526.5024541169,1.0281522180489553,52669876.40037676,76.0,53.211402902830876,0.010281522180489553,3562.6743582507693
Maryland,2014.0,1,80.0,80.0,80.0,80.0,39.2919659,-76.6203816,0.0,55953259.22586549,460519.9536368549,0.8298742496341721,55492739.27222864,80.0,55.95325922586549,0.008298742496341719,5756.499420460686
Maryland,2018.0,1,72.0,72.0,72.0,72.0,39.2134365,-76.6828547,1.0,58503696.436134346,-520620.9032561332,-0.8820447685359192,59024317.33939048,72.0,58.50369643613435,-0.008820447685359192,-7230.845878557406
Massachusetts,1999.0,4,11.4,2.85,4.0,1.0,42.266959275,-71.75808375,0.5,39077775.77858947,156408.7258677259,0.4018582534777343,38921367.052721746,2.85,39.07777577858947,0.004018582534777343,13720.063672607535
Massachusetts,2005.0,1,11.6,11.6,11.6,11.6,42.3013161,-71.2190293,0.0,42530103.95919547,-235043.50169833004,-0.5496146176352213,42765147.4608938,11.6,42.53010395919547,-0.005496146176352214,-20262.370836062935
Massachusetts,2013.0,1,2.2,2.2,2.2,2.2,42.3028621,-71.2210018,0.0,49422047.47866815,1421486.6209211275,2.961395857714665,48000560.857747026,2.2,49.422047478668155,0.029613958577146653,646130.2822368761
Massachusetts,2017.0,1,3.6,3.6,3.6,3.6,42.3376904,-71.6394718,0.0,51121585.58505072,626804.9466171116,1.241326209743003,50494780.63843361,3.6,51.12158558505072,0.012413262097430027,174112.4851714199
Massachusetts,2020.0,1,3.2,3.2,3.2,3.2,42.58219197767967,-71.80123688217682,1.0,53067942.4849356,858651.7863845825,1.6446340773758357,52209290.69855102,3.2,53.0679424849356,0.016446340773758356,268328.68324518204
Michigan,1995.0,1,2.2,2.2,2.2,2.2,41.9369244,-83.4041104,1.0,69994131.42138267,-776685.5463290513,-1.0974658476578054,70770816.96771172,2.2,69.99413142138266,-0.010974658476578053,-353038.8846950233
Michigan,2005.0,1,1.0,1.0,1.0,1.0,42.537172,-83.0998681,0.0,83730708.16590612,3597263.950406387,4.489091896178088,80133444.21549973,1.0,83.73070816590612,0.04489091896178088,3597263.950406387
Michigan,2006.0,4,6.0,1.5,2.2,0.6,42.548922875,-83.91718465,0.5,83899406.04231142,168697.8764052987,0.2014767103976196,83730708.16590612,1.5,83.89940604231141,0.0020147671039761963,28116.31273421645
Michigan,2008.0,2,4.4,2.2,2.2,2.2,42.372755600000005,-83.45928525,1.0,83436470.2501453,-1101703.886017382,-1.303202839752496,84538174.13616268,2.2,83.4364702501453,-0.013032028397524957,-250387.24682213223
Michigan,2011.0,1,1.5,1.5,1.5,1.5,42.4668463,-83.2346439,0.0,90393714.42125228,2872615.9897195697,3.282198282699573,87521098.43153271,1.5,90.39371442125228,0.03282198282699573,1915077.3264797132
Michigan,2012.0,2,3.0,1.5,2.0,1.0,42.6829817,-84.3855329,0.0,91455782.82799262,1062068.4067403376,1.1749361264112816,90393714.42125228,1.5,91.45578282799262,0.011749361264112817,354022.8022467792
Michigan,2014.0,5,10.8,2.16,3.0,1.2,42.469840683113475,-84.23533546377351,0.4,92382126.52489384,-837376.7113631219,-0.8982848892048494,93219503.23625696,2.16,92.38212652489383,-0.008982848892048494,-77534.88068177053
Michigan,2015.0,1,20.0,20.0,20.0,20.0,42.4716648,-83.2380381,0.0,97033976.3033087,4651849.77841486,5.035443492590902,92382126.52489384,20.0,97.03397630330869,0.05035443492590902,232592.48892074302
Michigan,2019.0,1,2.2,2.2,2.2,2.2,42.56279,-83.1799,1.0,103192805.36990194,2428213.757028222,2.4097887146281973,100764591.61287372,2.2,103.19280536990195,0.024097887146281975,1103733.5259219192
Michigan,2020.0,1,4.5,4.5,4.5,4.5,42.2353124,-83.4441197,0.0,101776746.70990378,-1416058.6599981636,-1.372245530996275,103192805.36990194,4.5,101.77674670990378,-0.013722455309962751,-314679.70222181414
Minnesota,2001.0,1,1.35,1.35,1.35,1.35,44.8626944,-93.3305488,0.0,52945123.59652204,933031.560429804,1.7938743163461963,52012092.03609224,1.35,52.94512359652204,0.017938743163461963,691134.4892072622
Minnesota,2004.0,1,5.0,5.0,5.0,5.0,44.865168,-93.4669018,1.0,54798537.62334477,1419463.5971487015,2.6592136020420516,53379074.02619607,5.0,54.79853762334477,0.026592136020420515,283892.71942974033
Minnesota,2010.0,1,5.4,5.4,5.4,5.4,44.8772254,-93.4073773,0.0,61329678.53536161,3600888.8582437932,6.237596316125594,57728789.67711782,5.4,61.32967853536161,0.06237596316125594,666831.2700451468
Minnesota,2012.0,2,1.3,0.65,1.0,0.3,46.8115191,-92.1133385,0.0,61759366.89968034,914186.968627192,1.50248050817354,60845179.93105315,0.65,61.75936689968034,0.015024805081735398,703220.74509784
Minnesota,2014.0,1,5.0,5.0,5.0,5.0,44.838426,-93.1458016,0.0,63895597.090766385,224535.78009378165,0.3526496582147355,63671061.3106726,5.0,63.89559709076639,0.0035264965821473556,44907.15601875633
Minnesota,2015.0,1,30.0,30.0,30.0,30.0,44.9715259,-93.2703388,0.0,64262435.211710736,366838.12094435096,0.5741211251586583,63895597.090766385,30.0,64.26243521171074,0.005741211251586584,12227.937364811698
Minnesota,2021.0,1,9.0,9.0,9.0,9.0,45.1437611,-93.3871665,0.0,72228992.05083555,3851460.617395088,5.632640630122992,68377531.43344046,9.0,72.22899205083554,0.056326406301229925,427940.06859945424
Missouri,2003.0,2,12.0,6.0,6.0,6.0,37.23119970779098,-93.21257829666138,0.0,60351714.12913501,556542.583536841,0.9307483683903084,59795171.54559817,6.0,60.35171412913501,0.009307483683903085,46378.54862807008
Missouri,2006.0,3,107.8,35.93333333333333,100.0,3.9,39.038932100000004,-94.52726036666667,0.0,65048612.19040144,1298556.7963271886,2.036950067415774,63750055.394074254,35.93333333333333,65.04861219040144,0.02036950067415774,12045.981413053698
Missouri,2011.0,1,14.0,14.0,14.0,14.0,38.6297652,-90.1964459,1.0,68521106.98330317,1252684.632178843,1.862217944758899,67268422.35112433,14.0,68.52110698330317,0.018622179447588986,89477.47372706022
Missouri,2024.0,1,15.0,15.0,15.0,15.0,39.16575620561504,-91.87113858465726,0.0,83444219.80601722,1630575.8347059935,1.9930365591315933,81813643.97131123,15.0,83.44421980601722,0.019930365591315932,108705.05564706624
Montana,2009.0,1,2.0,2.0,2.0,2.0,45.7426697,-108.6031326,0.0,12232355.898821738,-2055.281177151948,-0.0167991834417987,12234411.17999889,2.0,12.232355898821737,-0.00016799183441798746,-1027.640588575974
Nebraska,2006.0,1,7.5,7.5,7.5,7.5,41.2437917,-96.0172896,1.0,25271170.11925829,889560.3675591052,3.648489072782041,24381609.751699183,7.5,25.27117011925829,0.03648489072782041,118608.04900788069
Nebraska,2010.0,1,7.5,7.5,7.5,7.5,41.1346075,-96.0391842,1.0,26557475.190714333,1245817.0365121737,4.9219100104879825,25311658.15420216,7.5,26.55747519071433,0.04921910010487982,166108.93820162315
Nebraska,2011.0,1,7.5,7.5,7.5,7.5,41.2480242,-96.0282367,1.0,27349913.49880093,792438.3080865927,2.983861614840797,26557475.190714333,7.5,27.34991349880093,0.02983861614840797,105658.44107821236
Nebraska,2024.0,1,15.0,15.0,15.0,15.0,40.84289780607994,-97.99159193966044,0.0,33029724.05214904,618406.1006840393,1.907994304983476,32411317.951465003,15.0,33.02972405214904,0.01907994304983476,41227.07337893595
Nevada,2009.0,1,20.0,20.0,20.0,20.0,39.4693602,-119.7699757,1.0,30402409.434392557,-156143.13467954472,-0.5109637779034569,30558552.5690721,20.0,30.402409434392556,-0.00510963777903457,-7807.1567339772355
Nevada,2010.0,1,20.0,20.0,20.0,20.0,36.06598,-115.138266,1.0,31480147.83012003,1077738.3957274742,3.5449111296695075,30402409.434392557,20.0,31.480147830120032,0.03544911129669508,53886.91978637371
Nevada,2012.0,1,3.55,3.55,3.55,3.55,36.05966,-115.1470449,0.0,33335292.46791899,921143.1403099484,2.841793350798679,32414149.32760904,3.55,33.33529246791899,0.028417933507986787,259476.94093237983
New Hampshire,2000.0,1,2.0,2.0,2.0,2.0,42.9721839,-71.470491,0.0,8158750.720670771,-30717.92946758959,-0.3750906289514963,8189468.65013836,2.0,8.15875072067077,-0.0037509062895149633,-15358.964733794795
New Jersey,2006.0,1,9.0,9.0,9.0,9.0,40.831772,-74.448799,1.0,61055841.38891355,-310565.89108819515,-0.5060845254817503,61366407.280001745,9.0,61.05584138891355,-0.0050608452548175035,-34507.321232021684
New Jersey,2007.0,2,18.0,9.0,9.0,9.0,40.7860205,-74.073953,1.0,61650274.50750766,594433.11859411,0.9735892669264672,61055841.38891355,9.0,61.65027450750766,0.009735892669264673,33024.062144117226
New Jersey,2010.0,7,135.4,19.342857142857145,36.4,5.0,40.66522304285714,-74.39761310000002,0.2857142857142857,64953145.17225424,2902399.1527460963,4.677460528570617,62050746.019508146,19.342857142857145,64.95314517225424,0.046774605285706164,21435.739680547238
New Jersey,2012.0,1,9.0,9.0,9.0,9.0,40.5495735,-74.4557503,1.0,66230318.94243397,469581.8524778486,0.7140763216134471,65760737.08995612,9.0,66.23031894243397,0.007140763216134473,52175.76138642762
New Jersey,2013.0,1,30.0,30.0,30.0,30.0,40.8305887,-74.1245449,0.0,67157434.24611779,927115.3036838174,1.3998351789452306,66230318.94243397,30.0,67.15743424611779,0.013998351789452305,30903.843456127248
New Jersey,2014.0,1,0.281,0.281,0.281,0.281,40.761979,-74.026033,0.0,70861176.45045199,3703742.2043341994,5.51501445210186,67157434.24611779,0.281,70.86117645045198,0.055150144521018594,13180577.239623485
New Jersey,2015.0,1,9.0,9.0,9.0,9.0,40.77750539619046,-74.07271387500744,1.0,70343966.91430923,-517209.5361427516,-0.7298912635248135,70861176.45045199,9.0,70.34396691430923,-0.007298912635248135,-57467.72623808351
New Jersey,2016.0,2,13.0,6.5,9.0,4.0,40.616425899999996,-74.32251015,0.5,71274685.250703,930718.3363937736,1.3230961761476216,70343966.91430923,6.5,71.274685250703,0.013230961761476217,71593.71818413642
New Jersey,2024.0,1,15.0,15.0,15.0,15.0,40.78505169854645,-74.06526748830495,0.0,82098577.81659776,1421856.436613366,1.762412269973732,80676721.3799844,15.0,82.09857781659775,0.01762412269973732,94790.42910755773
New Mexico,2001.0,2,8.4,4.2,4.2,4.2,35.084715,-106.648772,1.0,14903634.544286784,246360.87369976565,1.6808096733169544,14657273.670587018,4.2,14.903634544286783,0.016808096733169544,29328.67544044829
New Mexico,2013.0,1,7.15,7.15,7.15,7.15,36.3876872,-105.5880244,1.0,18161831.675870284,224216.26586979628,1.2499781088226052,17937615.41000049,7.15,18.161831675870285,0.012499781088226051,31358.91830346801
New York,1995.0,1,6.0,6.0,6.0,6.0,40.8057779,-73.410093,1.0,101519358.34257616,1083515.8432928177,1.0788139137684327,100435842.49928334,6.0,101.51935834257615,0.01078813913768433,180585.97388213628
New York,1997.0,2,8.0,4.0,6.0,2.0,41.847409400000004,-76.0568038,0.5,103993241.02457924,2859139.7539498806,2.827077828376581,101134101.27062936,4.0,103.99324102457925,0.02827077828376581,357392.4692437351
New York,1999.0,2,8.0,4.0,6.0,2.0,41.8260272,-73.61841505,0.5,106496849.56851572,1095267.9528633356,1.0391380623274116,105401581.61565238,4.0,106.49684956851571,0.010391380623274117,136908.49410791695
New York,2000.0,3,18.0,6.0,6.0,6.0,40.912491966666664,-73.59285503333332,1.0,110118542.49136434,3621692.922848627,3.4007512311606716,106496849.56851572,6.0,110.11854249136435,0.034007512311606716,201205.16238047928
New York,2001.0,2,7.0,3.5,6.0,1.0,40.914740949999995,-73.9088731,0.5,110762023.25907384,643480.7677095085,0.5843527830564695,110118542.49136434,3.5,110.76202325907384,0.005843527830564695,91925.82395850122
New York,2002.0,2,10.0,5.0,6.0,4.0,40.7247625,-73.81949814999999,0.5,110557683.1225395,-204340.13653434813,-0.184485738452424,110762023.25907384,5.0,110.5576831225395,-0.001844857384524241,-20434.013653434813
New York,2004.0,2,12.0,6.0,6.0,6.0,40.717636165036815,-74.00737133200627,1.0,116689714.71270975,3838485.781099946,3.4013681706790693,112851228.93160982,6.0,116.68971471270976,0.03401368170679069,319873.81509166217
New York,2005.0,1,6.0,6.0,6.0,6.0,42.884419,-78.875427,1.0,115584660.88660382,-1105053.8261059525,-0.9470019091456314,116689714.71270975,6.0,115.58466088660381,-0.009470019091456318,-184175.63768432543
New York,2007.0,1,6.0,6.0,6.0,6.0,41.0864607,-73.8173181,1.0,121108455.016873,90063.99982857704,0.0744217462087165,121018391.01704444,6.0,121.10845501687301,0.0007442174620871655,15010.666638096174
New York,2008.0,3,18.0,6.0,6.0,6.0,42.229425666666664,-77.17664116666667,1.0,119167872.32187378,-1940582.694999218,-1.6023511279446618,121108455.016873,6.0,119.16787232187379,-0.01602351127944662,-107810.14972217877
New York,2009.0,1,2.0,2.0,2.0,2.0,40.930513,-73.1137812,0.0,121496825.96294184,2328953.641068056,1.9543469189225144,119167872.32187378,2.0,121.49682596294184,0.019543469189225143,1164476.820534028
New York,2010.0,3,12.0,4.0,6.0,1.0,42.1676584,-77.2475086,0.3333333333333333,128310112.72387856,6813286.760936707,5.607789921207367,121496825.96294184,4.0,128.31011272387858,0.056077899212073665,567773.8967447256
New York,2011.0,2,21.0,10.5,15.0,6.0,41.801074,-76.44186644999999,0.5,127782402.58061431,-527710.1432642341,-0.4112771254436183,128310112.72387856,10.5,127.78240258061432,-0.0041127712544361825,-25129.054441154003
New York,2014.0,2,7.4399999999999995,3.7199999999999998,6.0,1.44,43.78045305,-76.92761285,0.5,133184894.93775482,385706.2989194542,0.2904432646561061,132799188.63883536,3.7199999999999998,133.18489493775482,0.0029044326465610614,51842.24447842127
New York,2016.0,1,6.0,6.0,6.0,6.0,40.8225574,-73.2919119,0.0,140148834.88269007,1627939.945327878,1.175230600454911,138520894.9373622,6.0,140.14883488269007,0.01175230600454911,271323.324221313
New York,2017.0,1,12.0,12.0,12.0,12.0,41.034512,-73.9758403,0.0,141469595.55110964,1320760.6684195695,0.9423986075411164,140148834.88269007,12.0,141.46959555110965,0.009423986075411162,110063.38903496413
New York,2018.0,1,0.5,0.5,0.5,0.5,40.8225911,-73.2916469,0.0,144688219.143463,3218623.592353344,2.275134511988147,141469595.55110964,0.5,144.688219143463,0.022751345119881472,6437247.184706688
New York,2019.0,1,100.0,100.0,100.0,100.0,43.0831175,-79.0030939,0.0,146955359.5090085,2267140.3655455112,1.5669142788312085,144688219.143463,100.0,146.9553595090085,0.015669142788312083,22671.403655455113
New York,2021.0,3,168.0,56.0,120.0,6.0,42.25224830254377,-76.93270788869124,0.3333333333333333,151216362.94634005,5955692.129317313,4.100003184495401,145260670.81702274,56.0,151.21636294634004,0.04100003184495401,35450.54838879353
North Carolina,1993.0,1,1.0,1.0,1.0,1.0,36.1812299,-80.2823575,0.0,90298495.81576969,1302807.3726509362,1.4638994264127985,88995688.44311874,1.0,90.29849581576968,0.014638994264127984,1302807.3726509362
North Carolina,1999.0,2,3.6,1.8,3.0,0.6,35.197538,-80.88182835,0.0,95969050.9133698,-816029.3019378632,-0.843135429678343,96785080.21530768,1.8,95.9690509133698,-0.008431354296783428,-226674.8060938509
North Carolina,2000.0,3,7.9,2.6333333333333333,3.5,0.9,35.16602126666667,-80.18475793333333,0.6666666666666666,100004517.12565827,4035466.212288484,4.204966261395306,95969050.9133698,2.6333333333333333,100.00451712565827,0.04204966261395306,510818.5078846182
North Carolina,2002.0,1,3.5,3.5,3.5,3.5,36.0559097,-80.2274853,0.0,101763629.6900824,202245.97104528543,0.199136683293707,101561383.71903712,3.5,101.7636296900824,0.00199136683293707,57784.56315579584
North Carolina,2011.0,4,19.8,4.95,15.0,0.5,35.500964831495764,-80.13094500092556,0.0,117622841.19714534,2837803.611585498,2.4722765887237017,114785037.58555984,4.95,117.62284119714535,0.024722765887237017,143323.4147265403
North Carolina,2012.0,1,2.5,2.5,2.5,2.5,35.1938069,-80.9384415,0.0,116209497.12080856,-1413344.0763367862,-1.2015898119378938,117622841.19714534,2.5,116.20949712080855,-0.012015898119378938,-565337.6305347144
North Carolina,2013.0,2,33.0,16.5,30.0,3.0,35.7132043,-79.9094619,0.0,121087790.62647654,4878293.5056679845,4.197844088935889,116209497.12080856,16.5,121.08779062647655,0.04197844088935889,147827.07592933287
North Carolina,2015.0,1,2.4,2.4,2.4,2.4,35.5051704,-80.6227366,0.0,125745037.49437386,3910148.944047258,3.2093836097138,121834888.5503266,2.4,125.74503749437386,0.03209383609713801,1629228.7266863575
North Carolina,2018.0,1,105.0,105.0,105.0,105.0,35.18557054286533,-83.91614842883564,0.0,131328971.3618999,3464083.201166317,2.709174700729229,127864888.16073358,105.0,131.3289713618999,0.027091747007292288,32991.26858253635
North Dakota,2018.0,1,1.75,1.75,1.75,1.75,46.8365002,-96.8658885,0.0,17579895.725965124,241907.3626753129,1.395244693943329,17337988.36328981,1.75,17.579895725965123,0.01395244693943329,138232.77867160738
North Dakota,2021.0,1,100.0,100.0,100.0,100.0,47.90964296602304,-97.11151765887791,0.0,18014993.107313484,56863.77778959647,0.3166464432133815,17958129.329523887,100.0,18.014993107313483,0.003166464432133815,568.6377778959646
Ohio,1995.0,1,3.8,3.8,3.8,3.8,40.0830527,-82.9384729,1.0,102910356.2686782,3456335.951726854,3.475310440655703,99454020.31695132,3.8,102.9103562686782,0.03475310440655704,909562.0925596984
Ohio,1996.0,1,3.8,3.8,3.8,3.8,39.994518,-82.854439,1.0,101722173.52018727,-1188182.7484908998,-1.1545803469854814,102910356.2686782,3.8,101.72217352018727,-0.011545803469854813,-312679.67065549997
Ohio,2000.0,1,3.8,3.8,3.8,3.8,41.1183038,-80.6570664,1.0,108569173.51159687,386624.4566732496,0.3573815370878002,108182549.05492364,3.8,108.56917351159687,0.0035738153708780025,101743.2780719078
Ohio,2005.0,1,900.0,900.0,900.0,900.0,39.912807,-83.72371799999999,0.0,119311852.74006976,4928446.00966461,4.308707137286672,114383406.73040514,900.0,119.31185274006977,0.04308707137286672,5476.051121849567
Ohio,2006.0,1,3.8,3.8,3.8,3.8,40.9101759,-81.4315421,1.0,120662226.9260163,1350374.185946554,1.1318022098679923,119311852.74006976,3.8,120.6622269260163,0.01131802209867992,355361.6278806721
Ohio,2007.0,1,3.8,3.8,3.8,3.8,39.9589111,-82.9969172,1.0,122444663.33291024,1782436.4068939537,1.4772115949648843,120662226.9260163,3.8,122.44466333291024,0.014772115949648845,469062.2123405142
Ohio,2008.0,1,1.0,1.0,1.0,1.0,41.5016139,-81.680445,0.0,120905243.05362505,-1539420.2792852223,-1.257237545012272,122444663.33291024,1.0,120.90524305362504,-0.01257237545012272,-1539420.2792852223
Ohio,2009.0,1,1.5,1.5,1.5,1.5,40.8325814,-81.4319719,0.0,122313261.51767889,1408018.4640538394,1.1645636107189676,120905243.05362505,1.5,122.31326151767888,0.011645636107189675,938678.976035893
Ohio,2010.0,2,5.4,2.7,3.8,1.6,39.59057005,-83.70896095,0.5,127304591.36410916,4991329.846430302,4.080775693900425,122313261.51767889,2.7,127.30459136410916,0.04080775693900425,924320.3419315373
Ohio,2011.0,3,6.0,2.0,3.0,1.0,40.4164467,-82.5901743,0.0,126668698.34225644,-635893.0218527317,-0.4995051749814644,127304591.36410916,2.0,126.66869834225645,-0.004995051749814644,-105982.17030878861
Ohio,2012.0,6,22.0,3.6666666666666665,3.8,3.0,40.4548549,-83.06339786666666,0.8333333333333334,128053442.7407031,1384744.3984466642,1.0932017274742265,126668698.34225644,3.6666666666666665,128.0534427407031,0.010932017274742264,62942.9272021211
Ohio,2013.0,1,2.0,2.0,2.0,2.0,39.3848676,-84.566587,0.0,134680605.9184817,6627163.177778602,5.175310429722706,128053442.7407031,2.0,134.68060591848172,0.051753104297227064,3313581.588889301
Ohio,2014.0,1,2.0,2.0,2.0,2.0,40.1064892,-82.8052757,0.0,135064990.3103974,384384.391915679,0.2854044123831279,134680605.9184817,2.0,135.06499031039738,0.0028540441238312795,192192.1959578395
Ohio,2016.0,2,2.0,1.0,1.0,1.0,41.0979125,-81.61109295,0.0,138398714.87992463,325895.8882628381,0.2360318929118981,138072818.99166182,1.0,138.39871487992463,0.002360318929118981,162947.94413141906
Ohio,2017.0,1,2.5,2.5,2.5,2.5,41.3607758,-81.631047,0.0,138426666.94823724,27952.06831258535,0.0201967686888109,138398714.87992463,2.5,138.42666694823723,0.00020196768688810943,11180.82732503414
Oklahoma,1992.0,1,5.625,5.625,5.625,5.625,36.151702,-95.988297,1.0,37937778.98831354,-173311.78569265455,-0.4547541992969208,38111090.774006195,5.625,37.93777898831354,-0.004547541992969208,-30810.984123138587
Oklahoma,2001.0,1,5.625,5.625,5.625,5.625,36.26252432303883,-95.9100903661328,1.0,44338860.4790265,939713.806558527,2.1652817592256324,43399146.67246797,5.625,44.33886047902649,0.021652817592256325,167060.23227707148
Oklahoma,2003.0,1,5.625,5.625,5.625,5.625,35.5143079,-97.5968398,1.0,44201100.17704271,-660393.9789210409,-1.472073080368524,44861494.15596375,5.625,44.201100177042704,-0.01472073080368524,-117403.37403040727
Oklahoma,2004.0,1,5.625,5.625,5.625,5.625,36.15326283155181,-95.98921136228346,1.0,45670162.45754098,1469062.2804982737,3.3235875908384727,44201100.17704271,5.625,45.67016245754098,0.03323587590838473,261166.62764413754
Oklahoma,2005.0,1,5.625,5.625,5.625,5.625,36.1585889,-95.9886351,1.0,45658273.80086799,-11888.656672991812,-0.0260315620380036,45670162.45754098,5.625,45.65827380086799,-0.00026031562038003603,-2113.538964087433
Oklahoma,2008.0,1,5.625,5.625,5.625,5.625,35.5135865,-97.5950876,1.0,46382259.2307679,-2341681.384319052,-4.80601805756649,48723940.61508695,5.625,46.3822592307679,-0.048060180575664906,-416298.91276783147
Oklahoma,2009.0,1,5.625,5.625,5.625,5.625,35.46727620284629,-97.64960646629332,1.0,47758859.585776985,1376600.3550090864,2.9679458867236717,46382259.2307679,5.625,47.75885958577698,0.02967945886723672,244728.95200161537
Oklahoma,2010.0,1,1.25,1.25,1.25,1.25,35.42515106852714,-97.6000587918491,0.0,50212900.78473132,2454041.1989543363,5.13839991205563,47758859.585776985,1.25,50.21290078473132,0.0513839991205563,1963232.959163469
Oklahoma,2013.0,1,10.0,10.0,10.0,10.0,35.5353195,-97.5217825,0.0,51234787.58607853,-375303.45003400743,-0.7271900562457846,51610091.03611254,10.0,51.23478758607853,-0.007271900562457846,-37530.34500340074
Oklahoma,2014.0,1,5.625,5.625,5.625,5.625,36.6257567,-95.0925005,1.0,52675243.548939645,1440455.9628611133,2.8114803061123896,51234787.58607853,5.625,52.67524354893965,0.028114803061123895,256081.06006419793
Oklahoma,2018.0,1,5.625,5.625,5.625,5.625,36.0964147,-95.8400375,1.0,55247185.04442814,112206.77694191784,0.2035128705366472,55134978.26748622,5.625,55.24718504442814,0.0020351287053664725,19947.87145634095
Oregon,1995.0,1,1.2,1.2,1.2,1.2,45.475963,-122.776797,0.0,30433162.03168371,-375123.8164542131,-1.2176069071265316,30808285.848137923,1.2,30.43316203168371,-0.012176069071265316,-312603.18037851097
Oregon,1997.0,1,24.0,24.0,24.0,24.0,44.5109314,-123.2769639,1.0,31379057.92203399,-649687.7797352113,-2.028452146658131,32028745.701769203,24.0,31.37905792203399,-0.02028452146658131,-27070.324155633803
Oregon,2011.0,1,0.9,0.9,0.9,0.9,44.0860672,-121.2829166,0.0,39398215.62118631,-769430.3949580863,-1.915547639134324,40167646.016144395,0.9,39.39821562118631,-0.01915547639134324,-854922.6610645403
Oregon,2012.0,3,58.0,19.333333333333332,24.0,10.0,45.54741532053898,-122.89574082524364,0.0,40317052.84135675,918837.2201704384,2.3321797844985026,39398215.62118631,19.333333333333332,40.31705284135675,0.02332179784498503,15842.021037421351
Oregon,2015.0,1,18.0,18.0,18.0,18.0,45.5570103,-122.9211116,0.0,43003123.67678974,2572462.8377632275,6.362653452550313,40430660.83902651,18.0,43.00312367678974,0.06362653452550313,142914.60209795707
Oregon,2016.0,1,2.0,2.0,2.0,2.0,44.047105,-121.328075,0.0,41820901.42257635,-1182222.2542133853,-2.7491543709683377,43003123.67678974,2.0,41.820901422576355,-0.02749154370968338,-591111.1271066926
Oregon,2020.0,1,36.0,36.0,36.0,36.0,45.5604163,-122.9376545,0.0,46002898.38551845,824024.0402234346,1.8239145002275816,45178874.34529501,36.0,46.00289838551845,0.018239145002275817,22889.556672873183
Oregon,2021.0,1,54.0,54.0,54.0,54.0,45.568047,-122.9169313,0.0,45094229.43196325,-908668.9535551964,-1.9752428334846883,46002898.38551845,54.0,45.09422943196325,-0.019752428334846882,-16827.20284361475
Pennsylvania,2000.0,1,6.0,6.0,6.0,6.0,40.4652826,-79.946724,1.0,105879439.69047049,2521297.0123807043,2.4393791790873367,103358142.67808975,6.0,105.87943969047049,0.02439379179087337,420216.1687301174
Pennsylvania,2001.0,1,6.0,6.0,6.0,6.0,39.9893611,-74.88954009999999,1.0,108357230.84113364,2477791.150663182,2.340200475093931,105879439.69047049,6.0,108.35723084113364,0.023402004750939308,412965.191777197
Pennsylvania,2005.0,2,11.0,5.5,6.0,5.0,40.04083335,-75.29089225,0.5,114835353.72006398,257224.8903927654,0.2244973739928578,114578128.82967122,5.5,114.83535372006398,0.002244973739928578,23384.080944796853
Pennsylvania,2006.0,2,106.0,53.0,100.0,6.0,40.5686119,-77.80939219999999,0.0,116185849.18329737,1350495.4632333815,1.176027607774437,114835353.72006398,53.0,116.18584918329736,0.01176027607774437,12740.52323805077
Pennsylvania,2007.0,1,2.0,2.0,2.0,2.0,40.355377,-75.984699,0.0,118047789.34699409,1861940.1636967063,1.602553302992405,116185849.18329737,2.0,118.0477893469941,0.01602553302992405,930970.0818483531
Pennsylvania,2008.0,1,16.0,16.0,16.0,16.0,40.5443278,-75.6543079,0.0,119105412.61549205,1057623.2684979737,0.8959280596006388,118047789.34699409,16.0,119.10541261549204,0.008959280596006388,66101.45428112336
Pennsylvania,2009.0,1,6.0,6.0,6.0,6.0,40.3175212,-76.8547797,1.0,116397658.43911068,-2707754.1763813645,-2.2734098450444113,119105412.61549205,6.0,116.39765843911069,-0.022734098450444114,-451292.3627302274
Pennsylvania,2010.0,1,6.0,6.0,6.0,6.0,39.8924992,-75.1655079,1.0,125901733.28413416,9504074.845023468,8.16517700826017,116397658.43911068,6.0,125.90173328413417,0.08165177008260169,1584012.474170578
Pennsylvania,2011.0,2,9.0,4.5,6.0,3.0,40.56678205,-77.0684002,0.5,126337621.86306576,435888.57893159986,0.3462133265059104,125901733.28413416,4.5,126.33762186306576,0.0034621332650591036,48432.064325733314
Pennsylvania,2013.0,2,21.5,10.75,15.5,6.0,40.51902842867878,-77.74662594521484,0.5,130916925.81092171,3400396.6088194847,2.6666320280958726,127516529.20210224,10.75,130.91692581092173,0.026666320280958725,158157.9818055574
Pennsylvania,2014.0,2,42.0,21.0,40.0,2.0,40.1535174,-74.7426452,0.0,131623850.86507444,706925.0541527122,0.5399798763787784,130916925.81092171,21.0,131.62385086507444,0.005399798763787785,16831.548908397912
Pennsylvania,2017.0,1,1.5,1.5,1.5,1.5,40.7523755,-79.6373443,0.0,137278455.7572888,-570674.8733506203,-0.4139851087488669,137849130.63063943,1.5,137.2784557572888,-0.004139851087488669,-380449.9155670802
Pennsylvania,2018.0,1,1.0,1.0,1.0,1.0,39.9605975,-75.1604395,0.0,138527533.41461712,1249077.6573283076,0.9098861510627008,137278455.7572888,1.0,138.52753341461712,0.009098861510627007,1249077.6573283076
Rhode Island,2000.0,2,20.0,10.0,10.0,10.0,41.8289938,-71.42015845,1.0,6027850.012751531,235034.40504553076,4.057343111920772,5792815.607706,10.0,6.02785001275153,0.04057343111920771,11751.720252276538
South Carolina,1996.0,1,13.45,13.45,13.45,13.45,32.73063151069019,-80.05915939807892,1.0,56024778.650606245,1632769.0935754552,3.001854696807026,54392009.55703079,13.45,56.024778650606244,0.03001854696807026,121395.4716412978
South Carolina,2007.0,1,13.3,13.3,13.3,13.3,34.8079545,-82.3445036,0.0,64114136.73204768,1159832.0300717428,1.8423395120672967,62954304.70197594,13.3,64.11413673204768,0.018423395120672967,87205.41579486788
South Carolina,2010.0,1,2.0,2.0,2.0,2.0,33.987031,-81.030436,0.0,67571128.56415646,1388366.9618013576,2.0977773187269855,66182761.6023551,2.0,67.57112856415645,0.020977773187269854,694183.4809006788
South Carolina,2011.0,1,1.3,1.3,1.3,1.3,32.9664769,-80.1109129,0.0,69112781.89946401,1541653.3353075534,2.281526693525337,67571128.56415646,1.3,69.11278189946401,0.022815266935253372,1185887.1810058104
South Carolina,2013.0,1,0.5,0.5,0.5,0.5,34.697807,-82.9432303,0.0,70179863.51930353,1336649.4960410148,1.9415849695648335,68843214.02326252,0.5,70.17986351930352,0.019415849695648336,2673298.9920820296
South Carolina,2018.0,1,13.6,13.6,13.6,13.6,34.9965805,-82.0348432,0.0,77108999.49379699,194599.0769982189,0.2530073379545149,76914400.41679877,13.6,77.10899949379699,0.002530073379545149,14308.755661633742
South Carolina,2021.0,1,3.0,3.0,3.0,3.0,36.45663572314526,-111.621094,0.0,80235022.70206508,2955184.3171381503,3.8240042666995864,77279838.38492693,3.0,80.23502270206508,0.03824004266699586,985061.4390460501
South Dakota,2005.0,1,245.0,245.0,245.0,245.0,43.5955224,-96.7171664,1.0,10396894.483812569,77400.30287547596,0.7500396968918819,10319494.180937093,245.0,10.396894483812568,0.007500396968918819,315.91960357337126
South Dakota,2012.0,1,245.0,245.0,245.0,245.0,43.60695260861166,-96.80919287742653,1.0,11621724.915361034,165831.30739049986,1.4475632636385636,11455893.607970534,245.0,11.621724915361034,0.014475632636385636,676.8624791448974
Tennessee,2001.0,1,10.0,10.0,10.0,10.0,35.039048,-89.7186456,0.0,74215894.27123675,-975077.5647776724,-1.2968013858156264,75190971.83601442,10.0,74.21589427123675,-0.012968013858156265,-97507.75647776724
Tennessee,2002.0,1,2.75,2.75,2.75,2.75,35.0473205,-85.3107537,1.0,76627279.56749173,2411385.2962549776,3.249149417296099,74215894.27123675,2.75,76.62727956749173,0.03249149417296099,876867.3804563555
Tennessee,2013.0,1,2.4,2.4,2.4,2.4,35.9245231,-86.8555194,0.0,88564431.43761349,761742.2002223432,0.8675613547129855,87802689.23739114,2.4,88.5644314376135,0.008675613547129854,317392.58342597634
Tennessee,2014.0,1,2.75,2.75,2.75,2.75,35.6920634,-85.7607224,1.0,91832651.66540276,3268220.227789283,3.69021759044598,88564431.43761349,2.75,91.83265166540275,0.0369021759044598,1188443.7191961028
Tennessee,2018.0,1,2.0,2.0,2.0,2.0,35.8407381,-84.2658246,0.0,96599425.48542012,1107371.1764627248,1.159647453891722,95492054.3089574,2.0,96.59942548542013,0.011596474538917219,553685.5882313624
Tennessee,2020.0,1,86.0,86.0,86.0,86.0,35.9420515,-83.8352896,0.0,98074800.59773396,-1879223.6370318383,-1.880088021886977,99954024.2347658,86.0,98.07480059773395,-0.018800880218869775,-21851.437639905096
Texas,1994.0,2,60.0,30.0,30.0,30.0,30.2070175,-97.708914,1.0,291641362.6774622,6095245.5304425955,2.13459233532646,285546117.1470196,30.0,291.6413626774622,0.0213459233532646,101587.4255073766
Texas,1997.0,1,30.0,30.0,30.0,30.0,30.674497,-96.373633,1.0,307264216.41730314,7364077.209226668,2.455509766908554,299900139.2080765,30.0,307.26421641730315,0.024555097669085542,245469.2403075556
Texas,1998.0,1,6.7,6.7,6.7,6.7,32.9799672,-96.8534887,0.0,300389779.70447874,-6874436.712824404,-2.2373046861688772,307264216.41730314,6.7,300.3897797044787,-0.022373046861688773,-1026035.3302722991
Texas,1999.0,1,4.5,4.5,4.5,4.5,32.93394,-96.827985,0.0,307103486.0686328,6713706.364154041,2.2349982648407463,300389779.70447874,4.5,307.1034860686328,0.022349982648407464,1491934.7475897868
Texas,2000.0,4,49.5,12.375,30.0,4.0,32.099448525,-96.480266225,0.25,309334387.7763172,2230901.7076843977,0.7264332086369826,307103486.0686328,12.375,309.33438777631716,0.0072643320863698254,45068.72136736157
Texas,2001.0,2,22.2,11.1,18.0,4.2,31.59590865,-97.474131,0.0,322172523.45834583,12838135.682028651,4.150245232777689,309334387.7763172,11.1,322.17252345834584,0.041502452327776884,578294.4000913807
Texas,2003.0,1,30.0,30.0,30.0,30.0,30.2154948,-97.6960608,1.0,326578074.0883198,-3685139.2610921264,-1.1158188717776818,330263213.3494119,30.0,326.5780740883198,-0.011158188717776818,-122837.97536973754
Texas,2004.0,1,2.0,2.0,2.0,2.0,30.2635804,-97.7303162,0.0,340633971.8057484,14055897.717428625,4.303993082409858,326578074.0883198,2.0,340.6339718057484,0.04303993082409858,7027948.858714312
Texas,2005.0,3,19.0,6.333333333333333,10.0,2.0,31.738226733333335,-97.39676753333333,0.0,333957636.1628781,-6676335.642870307,-1.9599735186358884,340633971.8057484,6.333333333333333,333.9576361628781,-0.019599735186358883,-351386.0864668583
Texas,2006.0,1,30.0,30.0,30.0,30.0,29.9973255,-95.5640711,1.0,351031784.6965422,17074148.533664107,5.1126689989315555,333957636.1628781,30.0,351.0317846965422,0.051126689989315556,569138.2844554703
Texas,2007.0,2,11.0,5.5,10.0,1.0,29.704485849999998,-95.46544055,0.0,348132944.5301058,-2898840.166436374,-0.8258056087263852,351031784.6965422,5.5,348.1329445301058,-0.008258056087263852,-263530.9242214886
Texas,2008.0,5,66.5,13.3,30.0,1.2,32.908563459999996,-96.8396124,0.4,339303499.34814394,-8829445.181961894,-2.5362279901086295,348132944.5301058,13.3,339.30349934814393,-0.025362279901086297,-132773.6117588255
Texas,2009.0,3,62.0,20.666666666666668,30.0,2.0,32.9418143,-96.75134053333333,0.6666666666666666,349774945.4388179,10471446.090673983,3.0861591792573018,339303499.34814394,20.666666666666668,349.7749454388179,0.03086159179257302,168894.29178506424
Texas,2010.0,1,30.0,30.0,30.0,30.0,31.7591246,-106.4860513,1.0,362645753.2350303,12870807.796212437,3.679739776691288,349774945.4388179,30.0,362.64575323503027,0.03679739776691289,429026.92654041457
Texas,2011.0,6,131.6,21.933333333333334,60.0,0.4,30.4492193,-97.08402293333334,0.16666666666666666,368503177.74395007,5857424.508919716,1.6151918109250614,362645753.2350303,21.933333333333334,368.50317774395006,0.016151918109250617,44509.3047790252
Texas,2012.0,3,20.8,6.933333333333334,7.2,6.8,32.96771366666667,-96.71269826666666,0.0,374369023.30476826,5865845.560818195,1.5918032503084698,368503177.74395007,6.933333333333334,374.3690233047683,0.015918032503084698,282011.8058085671
Texas,2013.0,1,5.7,5.7,5.7,5.7,32.9662417,-96.7111853,0.0,387577971.717228,13208948.412459731,3.5283230155788083,374369023.30476826,5.7,387.57797171722797,0.03528323015578808,2317359.3706069705
Texas,2014.0,4,60.6,15.15,36.0,7.5,32.90162152,-96.795850835,0.0,389289280.6972461,1711308.9800180793,0.4415392785188082,387577971.717228,15.15,389.28928069724606,0.004415392785188083,28239.422112509557
Texas,2015.0,1,13.5,13.5,13.5,13.5,32.9841609,-96.6982857,0.0,391532993.4954862,2243712.798240125,0.576361310083203,389289280.6972461,13.5,391.5329934954862,0.00576361310083203,166200.94801778704
Texas,2016.0,2,19.0,9.5,18.0,1.0,33.11535437984455,-96.64745976102145,0.0,402195528.6338159,10662535.138329685,2.7232788335761566,391532993.4954862,9.5,402.1955286338159,0.027232788335761565,561186.0599120887
Texas,2017.0,6,142.0,23.666666666666668,30.0,12.0,31.92283148157787,-96.8420914896812,0.5,409948767.9103954,7753239.276579499,1.9277288593724116,402195528.6338159,23.666666666666668,409.94876791039536,0.019277288593724115,54600.276595630276
Texas,2018.0,3,66.65,22.21666666666667,36.0,0.65,29.1007196677274,-98.65563294241674,0.3333333333333333,416954840.1297965,7006072.219401121,1.709011654093439,409948767.9103954,22.21666666666667,416.9548401297965,0.01709011654093439,105117.36263167472
Texas,2019.0,3,618.0,206.0,563.0,25.0,31.997363718268307,-96.94253488869451,0.3333333333333333,429789403.7120285,12834563.582231998,3.0781663496786957,416954840.1297965,206.0,429.7894037120285,0.030781663496786956,20767.902236621358
Texas,2020.0,2,31.0,15.5,30.0,1.0,29.500352765614824,-97.52661446738242,0.5,426608647.2075933,-3180756.5044351816,-0.7400732723895589,429789403.7120285,15.5,426.6086472075933,-0.007400732723895589,-102605.04853016714
Texas,2021.0,1,30.0,30.0,30.0,30.0,29.45084649296246,-98.63868482326588,1.0,447166893.62753195,20558246.419938624,4.818994306492506,426608647.2075933,30.0,447.1668936275319,0.048189943064925064,685274.8806646208
Texas,2022.0,2,359.0,179.5,234.0,125.0,32.37745859224208,-100.51471553057544,0.0,467478752.8826413,20311859.25510937,4.542344154848849,447166893.62753195,179.5,467.4787528826413,0.04542344154848849,56578.99513958042
Texas,2023.0,4,738.3,184.575,700.0,0.5,30.93058981635509,-98.70376438679094,0.0,438750387.8493776,-28728365.033263683,-6.145384117698248,467478752.8826413,184.575,438.75038784937755,-0.061453841176982486,-38911.506207860875
Texas,2024.0,6,1124.0,187.33333333333334,1000.0,6.0,31.937041579905664,-97.45335444626102,0.16666666666666666,451533536.4856132,12783148.636235597,2.9135355751808545,438750387.8493776,187.33333333333334,451.53353648561324,0.029135355751808555,11372.908039355512
Utah,2001.0,1,5.0,5.0,5.0,5.0,40.7609528,-111.8893002,1.0,22700114.747505307,23817.846861191098,0.1050341110171059,22676296.900644116,5.0,22.700114747505307,0.0010503411101710595,4763.569372238219
Utah,2002.0,1,6.0,6.0,6.0,6.0,40.2760746,-111.6753697,0.0,23240329.106710188,540214.3592048809,2.3797869095100026,22700114.747505307,6.0,23.24032910671019,0.023797869095100028,90035.72653414682
Utah,2008.0,1,4.0,4.0,4.0,4.0,37.0815164,-113.6071645,0.0,24669747.63396344,36915.068102024496,0.1498612390731913,24632832.565861415,4.0,24.66974763396344,0.0014986123907319128,9228.767025506124
Utah,2021.0,2,248.0,124.0,200.0,48.0,40.57925839124371,-112.00785818209954,0.0,30045641.30503324,543789.7523388825,1.8432394026781656,29501851.55269436,124.0,30.04564130503324,0.01843239402678165,2192.700614269688
Vermont,2011.0,1,1.0,1.0,1.0,1.0,44.450544,-73.127403,1.0,4333457.735278428,11612.88911147602,0.2687021289479075,4321844.846166952,1.0,4.333457735278428,0.002687021289479076,11612.88911147602
Virginia,1996.0,1,48.0,48.0,48.0,48.0,37.6119888,-77.3392405,1.0,81324271.98956834,2222147.1640153825,2.809212987534749,79102124.82555296,48.0,81.32427198956833,0.02809212987534749,46294.7325836538
Virginia,1999.0,2,96.0,48.0,48.0,48.0,38.9744565,-77.34907855,1.0,84160131.09552905,1811845.0633818952,2.200221948365248,82348286.03214715,48.0,84.16013109552905,0.022002219483652476,18873.38607689474
Virginia,2000.0,1,12.6,12.6,12.6,12.6,39.022193,-77.455587,0.0,84523825.53309612,363694.4375670701,0.4321457593195112,84160131.09552905,12.6,84.52382553309612,0.004321457593195113,28864.637902148424
Virginia,2001.0,2,57.0,28.5,48.0,9.0,39.00230724547398,-77.48440851037964,0.5,84399703.20908403,-124122.3240120858,-0.1468489189045099,84523825.53309612,28.5,84.39970320908404,-0.0014684891890450996,-2177.584631790979
Virginia,2007.0,1,36.4,36.4,36.4,36.4,39.0178075,-77.4624887,0.0,94073704.68618152,2630040.31871219,2.876131809573255,91443664.36746934,36.4,94.07370468618151,0.02876131809573255,72253.85490967555
Virginia,2009.0,1,36.4,36.4,36.4,36.4,39.0201312,-77.4632058,0.0,93688679.72222842,2693057.6507737935,2.9595463929671917,90995622.07145464,36.4,93.68867972222843,0.029595463929671915,73985.10029598334
Virginia,2010.0,3,84.9,28.3,48.0,6.9,38.142865122929415,-77.7978432063694,0.3333333333333333,99236582.02826828,5547902.306039855,5.92163570080022,93688679.72222842,28.3,99.23658202826827,0.0592163570080022,65346.31691448592
Virginia,2011.0,4,76.3,19.075,48.0,1.5,38.70095015,-77.7565821,0.25,99095609.1874627,-140972.84080557525,-0.1420573320082891,99236582.02826828,19.075,99.0956091874627,-0.0014205733200828912,-1847.6125924714975
Virginia,2012.0,1,0.83,0.83,0.83,0.83,38.9343841,-77.428724,0.0,101866624.62687516,2771015.439412445,2.7963049646028373,99095609.1874627,0.83,101.86662462687516,0.027963049646028373,3338572.818569211
Virginia,2013.0,1,26.4,26.4,26.4,26.4,39.0005693,-77.4805131,0.0,103930964.11967725,2064339.4928020984,2.02651211853099,101866624.62687516,26.4,103.93096411967724,0.020265121185309893,78194.67775765524
Virginia,2014.0,2,41.7,20.85,41.6,0.1,38.400179699999995,-78.45473675,0.0,106039274.90371253,2108310.7840352803,2.028568484756425,103930964.11967725,20.85,106.03927490371252,0.02028568484756425,50559.01160756068
Virginia,2017.0,4,181.3,45.325,96.3,13.0,38.95376221062574,-77.48288250562982,0.25,112879610.68509814,1624126.4265710562,1.4598169585932808,111255484.25852709,45.325,112.87961068509814,0.014598169585932807,8958.22629107036
Virginia,2018.0,1,30.0,30.0,30.0,30.0,36.7842314,-76.0086242,0.0,119605395.1865202,6725784.501422048,5.958369683064433,112879610.68509814,30.0,119.6053951865202,0.05958369683064433,224192.81671406826
Virginia,2019.0,3,142.0,47.333333333333336,60.0,36.0,38.930335189286914,-77.4857107412186,0.0,122229973.5198978,2624578.3333776146,2.194364501103551,119605395.1865202,47.333333333333336,122.2299735198978,0.02194364501103551,18482.94600970151
Virginia,2020.0,2,168.0,84.0,120.0,48.0,39.003543,-77.45533745,0.5,120850445.2577016,-1379528.262196213,-1.1286333641982176,122229973.5198978,84.0,120.85044525770161,-0.011286333641982175,-8211.477751167935
Virginia,2021.0,2,96.0,48.0,48.0,48.0,39.000318,-77.442395,0.5,127849442.92066409,6998997.662962496,5.791453765882143,120850445.2577016,48.0,127.84944292066409,0.05791453765882142,72906.22565585934
Virginia,2023.0,2,80.4,40.2,60.0,20.4,39.01918577083083,-77.46326453347207,0.0,132974256.60181436,3675738.978224814,2.8428314924116367,129298517.62358956,40.2,132.97425660181435,0.028428314924116366,45718.1464953335
Virginia,2024.0,2,132.0,66.0,84.0,48.0,38.87475995,-77.5800015,0.0,119006881.88797946,-13967374.713834912,-10.503818611793116,132974256.60181436,66.0,119.00688188797946,-0.10503818611793116,-105813.44480177964
Washington,1994.0,1,4.5,4.5,4.5,4.5,47.6554241,-117.4042987,1.0,63676188.74183703,758652.400984697,1.2057884734626907,62917536.340852335,4.5,63.67618874183703,0.012057884734626908,168589.42244104377
Washington,1995.0,1,4.5,4.5,4.5,4.5,47.6143677,-122.3388981,1.0,62906929.166652046,-769259.575184986,-1.208080430667423,63676188.74183703,4.5,62.90692916665205,-0.012080804306674232,-170946.57226333022
Washington,1999.0,2,10.15,5.075,10.0,0.15,47.37324785,-122.36527045,0.0,66907214.091797456,258232.5032452941,0.3874515365282774,66648981.58855216,5.075,66.90721409179746,0.0038745153652827743,25441.625935496955
Washington,2001.0,2,3.0,1.5,2.0,1.0,47.3724665,-122.364521,0.0,70236325.3954064,-20296.61772115529,-0.0288892593175954,70256622.01312755,1.5,70.2363253954064,-0.0002888925931759548,-6765.5392403850965
Washington,2002.0,2,9.0,4.5,4.5,4.5,46.062514449999995,-118.35327815,1.0,70583402.60105224,347077.20564584434,0.4941562698388886,70236325.3954064,4.5,70.58340260105224,0.004941562698388887,38564.13396064937
Washington,2003.0,2,5.5,2.75,4.5,1.0,47.7329508,-119.64364265,0.5,71906296.06058319,1322893.4595309496,1.8742273831826128,70583402.60105224,2.75,71.90629606058319,0.018742273831826126,240526.08355108174
Washington,2007.0,1,4.5,4.5,4.5,4.5,47.2381244,-119.885198,1.0,77920108.52540517,2370772.6042295843,3.138045590107014,75549335.92117558,4.5,77.92010852540517,0.03138045590107014,526838.3564954632
Washington,2011.0,1,4.5,4.5,4.5,4.5,47.6719509,-117.095966,1.0,80388722.21327391,-872788.6351429075,-1.074049234416753,81261510.84841682,4.5,80.38872221327391,-0.01074049234416753,-193953.03003175723
Washington,2017.0,1,7.0,7.0,7.0,7.0,47.1608567,-122.2793217,0.0,90246841.8046799,1298936.6156772822,1.4603341280687976,88947905.18900262,7.0,90.2468418046799,0.014603341280687977,185562.37366818317
Washington,2018.0,1,13.0,13.0,13.0,13.0,47.41402423123076,-120.2106899118301,0.0,91376196.9360456,1129355.1313657016,1.2514068179914268,90246841.8046799,13.0,91.3761969360456,0.012514068179914269,86873.4716435155
Washington,2021.0,1,0.03,0.03,0.03,0.03,47.2300411,-120.0012802,0.0,92812635.02894492,2384696.7594490945,2.6371238856979753,90427938.26949582,0.03,92.81263502894492,0.026371238856979753,79489891.9816365
Wisconsin,1996.0,1,6.0,6.0,6.0,6.0,43.039034,-87.906925,1.0,47537522.742683515,662836.4803666994,1.4140606225231689,46874686.262316816,6.0,47.537522742683514,0.014140606225231687,110472.74672778323
Wisconsin,2001.0,1,5.0,5.0,5.0,5.0,42.6038114,-87.8222072,0.0,52018513.358212106,1685014.1818702891,3.347699264791616,50333499.17634182,5.0,52.018513358212104,0.03347699264791616,337002.8363740578
Wisconsin,2004.0,2,12.0,6.0,6.0,6.0,43.10748875,-87.9431102,1.0,54624740.035579786,381374.2521380335,0.7030799926033557,54243365.78344175,6.0,54.624740035579784,0.007030799926033558,31781.18767816946
Wisconsin,2007.0,1,1.0,1.0,1.0,1.0,44.8158887,-91.4954639,0.0,56919364.943812706,624150.9007667005,1.1087104141560684,56295214.043046005,1.0,56.9193649438127,0.011087104141560684,624150.9007667005
Wisconsin,2008.0,1,6.0,6.0,6.0,6.0,42.9947196,-89.4232738,0.0,55813897.80466234,-1105467.1391503662,-1.9421635154250496,56919364.943812706,6.0,55.81389780466234,-0.019421635154250497,-184244.5231917277
Wisconsin,2013.0,1,8.6,8.6,8.6,8.6,43.0443788,-87.9476045,0.0,61841988.02062308,1338120.5796286687,2.2116281755602696,60503867.44099441,8.6,61.84198802062308,0.022116281755602697,155595.41623589172
Wisconsin,2015.0,1,18.0,18.0,18.0,18.0,43.0491799,-89.2972543,0.0,64889114.049508736,2002450.9875037,3.1842220432801813,62886663.06200504,18.0,64.88911404950873,0.03184222043280181,111247.27708353888
Wisconsin,2016.0,1,0.25,0.25,0.25,0.25,44.51529,-88.01125,0.0,65618209.37730349,729095.327794753,1.1236019145499072,64889114.049508736,0.25,65.61820937730349,0.011236019145499073,2916381.311179012
Wisconsin,2024.0,1,20.0,20.0,20.0,20.0,44.2046514,-88.3447611,0.0,72171047.44697209,-731975.6804169118,-1.0040402290833332,72903023.127389,20.0,72.17104744697208,-0.010040402290833332,-36598.78402084559
